filename,Enlarged Cardiomediastinum,Cardiomegaly,Lung Opacity,Lung Lesion,Edema,Consolidation,Pneumonia,Atelectasis,Pneumothorax,Pleural Effusion,Pleural Other,Fracture,Support Devices,COVID,Patient ID,Projection,Sex
auntminnie-a-2020_01_28_23_51_6665_2020_01_28_Vietnam_coronavirus.jpeg,0.0,0.0,0.0,0.0,0.0,0.0,0.0,0.0,0.0,0.0,0.0,0.0,0.0,1.0,2,PA,M
auntminnie-b-2020_01_28_23_51_6665_2020_01_28_Vietnam_coronavirus.jpeg,0.0,0.0,0.0,0.0,0.0,0.0,0.0,0.0,0.0,0.0,0.0,0.0,0.0,1.0,2,PA,M
auntminnie-c-2020_01_28_23_51_6665_2020_01_28_Vietnam_coronavirus.jpeg,0.0,0.0,0.0,0.0,0.0,0.0,0.0,0.0,0.0,0.0,0.0,0.0,0.0,1.0,2,PA,M
auntminnie-d-2020_01_28_23_51_6665_2020_01_28_Vietnam_coronavirus.jpeg,0.0,0.0,0.0,0.0,0.0,0.0,0.0,0.0,0.0,0.0,0.0,0.0,0.0,1.0,2,PA,M
nejmc2001573_f1a.jpeg,0.0,0.0,0.0,0.0,0.0,0.0,0.0,0.0,0.0,0.0,0.0,0.0,0.0,1.0,4,PA,F
nejmc2001573_f1b.jpeg,0.0,0.0,0.0,0.0,0.0,0.0,0.0,0.0,0.0,0.0,0.0,0.0,0.0,1.0,4,PA,F
1-s2.0-S0140673620303706-fx1_lrg.jpg,0.0,0.0,0.0,0.0,0.0,0.0,0.0,0.0,0.0,0.0,0.0,0.0,0.0,1.0,11,PA,M
nCoV-radiol.2020200269.fig1-day7.jpeg,0.0,0.0,0.0,0.0,0.0,0.0,0.0,0.0,0.0,0.0,0.0,0.0,0.0,1.0,12,PA,M
nejmoa2001191_f1-PA.jpeg,0.0,0.0,0.0,0.0,0.0,0.0,0.0,0.0,0.0,0.0,0.0,0.0,0.0,1.0,13,PA,M
nejmoa2001191_f3-PA.jpeg,0.0,0.0,0.0,0.0,0.0,0.0,0.0,0.0,0.0,0.0,0.0,0.0,0.0,1.0,13,PA,M
nejmoa2001191_f4.jpeg,0.0,0.0,0.0,0.0,0.0,0.0,0.0,0.0,0.0,0.0,0.0,0.0,0.0,1.0,13,PA,M
nejmoa2001191_f5-PA.jpeg,0.0,0.0,0.0,0.0,0.0,0.0,0.0,0.0,0.0,0.0,0.0,0.0,0.0,1.0,13,PA,M
ryct.2020200034.fig2.jpeg,0.0,0.0,0.0,0.0,0.0,0.0,0.0,0.0,0.0,0.0,0.0,0.0,0.0,1.0,14,PA,F
ryct.2020200034.fig5-day0.jpeg,0.0,0.0,0.0,0.0,0.0,0.0,0.0,0.0,0.0,0.0,0.0,0.0,0.0,1.0,15,PA,M
ryct.2020200034.fig5-day4.jpeg,0.0,0.0,0.0,0.0,0.0,0.0,0.0,0.0,0.0,0.0,0.0,0.0,0.0,1.0,15,PA,M
ryct.2020200034.fig5-day7.jpeg,0.0,0.0,0.0,0.0,0.0,0.0,0.0,0.0,0.0,0.0,0.0,0.0,0.0,1.0,15,PA,M
ryct.2020200028.fig1a.jpeg,0.0,0.0,0.0,0.0,0.0,0.0,0.0,0.0,0.0,0.0,0.0,0.0,0.0,1.0,16,PA,F
radiol.2020200490.fig3.jpeg,0.0,0.0,0.0,0.0,0.0,0.0,0.0,0.0,0.0,0.0,0.0,0.0,0.0,1.0,18,PA,F
covid-19-pneumonia-15-PA.jpg,0.0,0.0,0.0,0.0,0.0,0.0,0.0,0.0,0.0,0.0,0.0,0.0,0.0,1.0,20,PA,M
covid-19-pneumonia-2.jpg,0.0,0.0,0.0,0.0,0.0,0.0,0.0,0.0,0.0,0.0,0.0,0.0,0.0,1.0,21,AP,F
covid-19-pneumonia-7-PA.jpg,0.0,0.0,0.0,0.0,0.0,0.0,0.0,0.0,0.0,0.0,0.0,0.0,0.0,1.0,22,PA,M
covid-19-pneumonia-14-PA.png,0.0,0.0,0.0,0.0,0.0,0.0,0.0,0.0,0.0,0.0,0.0,0.0,0.0,1.0,23,PA,F
39EE8E69-5801-48DE-B6E3-BE7D1BCF3092.jpeg,0.0,0.0,0.0,0.0,0.0,0.0,0.0,0.0,0.0,0.0,0.0,0.0,0.0,1.0,32,AP,M
7C69C012-7479-493F-8722-ABC29C60A2DD.jpeg,0.0,0.0,0.0,0.0,0.0,0.0,0.0,0.0,0.0,0.0,0.0,0.0,0.0,1.0,33,PA,M
2C10A413-AABE-4807-8CCE-6A2025594067.jpeg,0.0,0.0,0.0,0.0,0.0,0.0,0.0,0.0,0.0,0.0,0.0,0.0,0.0,1.0,34,AP,M
E1724330-1866-4581-8CD8-CEC9B8AFEDDE.jpeg,0.0,0.0,0.0,0.0,0.0,0.0,0.0,0.0,0.0,0.0,0.0,0.0,0.0,1.0,35,AP,M
1312A392-67A3-4EBF-9319-810CF6DA5EF6.jpeg,0.0,0.0,0.0,0.0,0.0,0.0,0.0,0.0,0.0,0.0,0.0,0.0,0.0,1.0,39,PA,M
23E99E2E-447C-46E5-8EB2-D35D12473C39.png,0.0,0.0,0.0,0.0,0.0,0.0,0.0,0.0,0.0,0.0,0.0,0.0,0.0,1.0,40,PA,F
7AF6C1AF-D249-4BD2-8C26-449304105D03.jpeg,0.0,0.0,0.0,0.0,0.0,0.0,0.0,0.0,0.0,0.0,0.0,0.0,0.0,1.0,41,PA,M
1B734A89-A1BF-49A8-A1D3-66FAFA4FAC5D.jpeg,0.0,0.0,0.0,0.0,0.0,0.0,0.0,0.0,0.0,0.0,0.0,0.0,0.0,1.0,42,PA,F
CD50BA96-6982-4C80-AE7B-5F67ACDBFA56.jpeg,0.0,0.0,0.0,0.0,0.0,0.0,0.0,0.0,0.0,0.0,0.0,0.0,0.0,1.0,43,PA,M
6CB4EFC6-68FA-4CD5-940C-BEFA8DAFE9A7.jpeg,0.0,0.0,0.0,0.0,0.0,0.0,0.0,0.0,0.0,0.0,0.0,0.0,0.0,1.0,45,PA,F
01E392EE-69F9-4E33-BFCE-E5C968654078.jpeg,0.0,0.0,0.0,0.0,0.0,0.0,0.0,0.0,0.0,0.0,0.0,0.0,0.0,1.0,46,PA,F
F63AB6CE-1968-4154-A70F-913AF154F53D.jpeg,0.0,0.0,0.0,0.0,0.0,0.0,0.0,0.0,0.0,0.0,0.0,0.0,0.0,1.0,47,AP,F
2C26F453-AF3B-4517-BB9E-802CF2179543.jpeg,0.0,0.0,0.0,0.0,0.0,0.0,0.0,0.0,0.0,0.0,0.0,0.0,0.0,1.0,48,PA,M
93FE0BB1-022D-4F24-9727-987A07975FFB.jpeg,0.0,0.0,0.0,0.0,0.0,0.0,0.0,0.0,0.0,0.0,0.0,0.0,0.0,1.0,49,PA,M
F4341CE7-73C9-45C6-99C8-8567A5484B63.jpeg,0.0,0.0,0.0,0.0,0.0,0.0,0.0,0.0,0.0,0.0,0.0,0.0,0.0,1.0,51,PA,M
E63574A7-4188-4C8D-8D17-9D67A18A1AFA.jpeg,0.0,0.0,0.0,0.0,0.0,0.0,0.0,0.0,0.0,0.0,0.0,0.0,0.0,1.0,51,PA,M
5CBC2E94-D358-401E-8928-965CCD965C5C.jpeg,0.0,0.0,0.0,0.0,0.0,0.0,0.0,0.0,0.0,0.0,0.0,0.0,0.0,1.0,52,AP,F
7E335538-2F86-424E-A0AB-6397783A38D0.jpeg,0.0,0.0,0.0,0.0,0.0,0.0,0.0,0.0,0.0,0.0,0.0,0.0,0.0,1.0,55,AP,M
all14238-fig-0001-m-b.jpg,0.0,0.0,0.0,0.0,0.0,0.0,0.0,0.0,0.0,0.0,0.0,0.0,0.0,1.0,57,PA,F
all14238-fig-0001-m-c.jpg,0.0,0.0,0.0,0.0,0.0,0.0,0.0,0.0,0.0,0.0,0.0,0.0,0.0,1.0,57,PA,F
1-s2.0-S1684118220300608-main.pdf-001.jpg,0.0,0.0,0.0,0.0,0.0,0.0,0.0,0.0,0.0,0.0,0.0,0.0,0.0,1.0,59,PA,F
1-s2.0-S1684118220300608-main.pdf-002.jpg,0.0,0.0,0.0,0.0,0.0,0.0,0.0,0.0,0.0,0.0,0.0,0.0,0.0,1.0,59,PA,F
ciaa199.pdf-001-a.png,0.0,0.0,0.0,0.0,0.0,0.0,0.0,0.0,0.0,0.0,0.0,0.0,0.0,1.0,60,PA,F
ciaa199.pdf-001-b.png,0.0,0.0,0.0,0.0,0.0,0.0,0.0,0.0,0.0,0.0,0.0,0.0,0.0,1.0,61,PA,M
kjr-21-e24-g001-l-a.jpg,0.0,0.0,0.0,0.0,0.0,0.0,0.0,0.0,0.0,0.0,0.0,0.0,0.0,1.0,63,AP,
kjr-21-e24-g002-l-a.jpg,0.0,0.0,0.0,0.0,0.0,0.0,0.0,0.0,0.0,0.0,0.0,0.0,0.0,1.0,64,AP,
kjr-21-e24-g003-l-a.jpg,0.0,0.0,0.0,0.0,0.0,0.0,0.0,0.0,0.0,0.0,0.0,0.0,0.0,1.0,65,AP,
1-s2.0-S1684118220300682-main.pdf-002-a1.png,0.0,0.0,0.0,0.0,0.0,0.0,0.0,0.0,0.0,0.0,0.0,0.0,0.0,1.0,67,PA,
1-s2.0-S1684118220300682-main.pdf-002-a2.png,0.0,0.0,0.0,0.0,0.0,0.0,0.0,0.0,0.0,0.0,0.0,0.0,0.0,1.0,67,PA,
1-s2.0-S1684118220300682-main.pdf-003-b1.png,0.0,0.0,0.0,0.0,0.0,0.0,0.0,0.0,0.0,0.0,0.0,0.0,0.0,1.0,68,PA,
1-s2.0-S1684118220300682-main.pdf-003-b2.png,0.0,0.0,0.0,0.0,0.0,0.0,0.0,0.0,0.0,0.0,0.0,0.0,0.0,1.0,68,PA,
gr1_lrg-a.jpg,0.0,0.0,0.0,0.0,0.0,0.0,0.0,0.0,0.0,0.0,0.0,0.0,0.0,1.0,69,PA,F
gr1_lrg-b.jpg,0.0,0.0,0.0,0.0,0.0,0.0,0.0,0.0,0.0,0.0,0.0,0.0,0.0,1.0,69,PA,F
41591_2020_819_Fig1_HTML.webp-day5.png,0.0,0.0,0.0,0.0,0.0,0.0,0.0,0.0,0.0,0.0,0.0,0.0,0.0,1.0,73,PA,F
41591_2020_819_Fig1_HTML.webp-day10.png,0.0,0.0,0.0,0.0,0.0,0.0,0.0,0.0,0.0,0.0,0.0,0.0,0.0,1.0,73,PA,F
covid-19-pneumonia-19.jpg,0.0,0.0,0.0,0.0,0.0,0.0,0.0,0.0,0.0,0.0,0.0,0.0,0.0,1.0,75,AP,F
kjr-21-e25-g001-l-a.jpg,0.0,0.0,0.0,0.0,0.0,0.0,0.0,0.0,0.0,0.0,0.0,0.0,0.0,1.0,76,PA,F
03BF7561-A9BA-4C3C-B8A0-D3E585F73F3C.jpeg,0.0,0.0,0.0,0.0,0.0,0.0,0.0,0.0,0.0,0.0,0.0,0.0,0.0,1.0,77,PA,F
353889E0-A1E8-4F9E-A0B8-F24F36BCFBFB.jpeg,0.0,0.0,0.0,0.0,0.0,0.0,0.0,0.0,0.0,0.0,0.0,0.0,0.0,1.0,78,PA,M
figure1-5e73d7ae897e27ff066a30cb-98.jpeg,0.0,0.0,0.0,0.0,0.0,0.0,0.0,0.0,0.0,0.0,0.0,0.0,0.0,1.0,79,AP,M
figure1-5e75d0940b71e1b702629659-98-right.jpeg,0.0,0.0,0.0,0.0,0.0,0.0,0.0,0.0,0.0,0.0,0.0,0.0,1.0,1.0,80,PA,M
figure1-5e71be566aa8714a04de3386-98-left.jpeg,0.0,0.0,0.0,0.0,0.0,0.0,0.0,0.0,0.0,0.0,0.0,0.0,0.0,1.0,81,PA,M
2966893D-5DDF-4B68-9E2B-4979D5956C8E.jpeg,0.0,0.0,0.0,0.0,0.0,0.0,0.0,0.0,0.0,0.0,0.0,0.0,0.0,1.0,85,PA,M
6C94A287-C059-46A0-8600-AFB95F4727B7.jpeg,0.0,0.0,0.0,0.0,0.0,0.0,0.0,0.0,0.0,0.0,0.0,0.0,0.0,1.0,86,PA,M
covid-19-pneumonia-30-PA.jpg,0.0,0.0,0.0,0.0,0.0,0.0,0.0,0.0,0.0,0.0,0.0,0.0,0.0,1.0,93,PA,M
58cb9263f16e94305c730685358e4e_jumbo.jpeg,0.0,0.0,0.0,0.0,0.0,0.0,0.0,0.0,0.0,0.0,0.0,0.0,0.0,1.0,95,PA,F
9fdd3c3032296fd04d2cad5d9070d4_jumbo.jpeg,0.0,0.0,0.0,0.0,0.0,0.0,0.0,0.0,0.0,0.0,0.0,0.0,0.0,1.0,95,PA,F
covid-19-rapidly-progressive-acute-respiratory-distress-syndrome-ards-admission.jpg,0.0,0.0,0.0,0.0,0.0,0.0,0.0,0.0,0.0,0.0,0.0,0.0,0.0,1.0,97,PA,F
covid-19-rapidly-progressive-acute-respiratory-distress-syndrome-ards-day-1.jpg,0.0,0.0,0.0,0.0,0.0,0.0,0.0,0.0,0.0,0.0,0.0,0.0,1.0,1.0,97,PA,F
covid-19-rapidly-progressive-acute-respiratory-distress-syndrome-ards-day-2.jpg,0.0,0.0,0.0,0.0,0.0,0.0,0.0,0.0,0.0,0.0,0.0,0.0,1.0,1.0,97,PA,F
covid-19-rapidly-progressive-acute-respiratory-distress-syndrome-ards-day-3.jpg,0.0,0.0,0.0,0.0,0.0,0.0,0.0,0.0,0.0,0.0,0.0,0.0,1.0,1.0,97,PA,F
covid-19-infection-exclusive-gastrointestinal-symptoms-pa.png,0.0,0.0,0.0,0.0,0.0,0.0,0.0,0.0,0.0,0.0,0.0,0.0,0.0,1.0,98,PA,M
covid-19-pneumonia-28.png,0.0,0.0,0.0,0.0,0.0,0.0,0.0,0.0,0.0,0.0,0.0,0.0,0.0,1.0,99,PA,M
1.CXRCTThoraximagesofCOVID-19fromSingapore.pdf-000-fig1a.png,0.0,0.0,0.0,0.0,0.0,0.0,0.0,0.0,0.0,0.0,0.0,0.0,0.0,1.0,112,PA,
1.CXRCTThoraximagesofCOVID-19fromSingapore.pdf-000-fig1b.png,0.0,0.0,0.0,0.0,0.0,0.0,0.0,0.0,0.0,0.0,0.0,0.0,0.0,1.0,112,PA,
1.CXRCTThoraximagesofCOVID-19fromSingapore.pdf-002-fig3a.png,0.0,0.0,0.0,0.0,0.0,0.0,0.0,0.0,0.0,0.0,0.0,0.0,0.0,1.0,114,PA,
1.CXRCTThoraximagesofCOVID-19fromSingapore.pdf-002-fig3b.png,0.0,0.0,0.0,0.0,0.0,0.0,0.0,0.0,0.0,0.0,0.0,0.0,0.0,1.0,114,PA,
1.CXRCTThoraximagesofCOVID-19fromSingapore.pdf-003-fig4a.png,0.0,0.0,0.0,0.0,0.0,0.0,0.0,0.0,0.0,0.0,0.0,0.0,0.0,1.0,115,PA,
1.CXRCTThoraximagesofCOVID-19fromSingapore.pdf-003-fig4b.png,0.0,0.0,0.0,0.0,0.0,0.0,0.0,0.0,0.0,0.0,0.0,0.0,0.0,1.0,115,PA,
covid-19-pneumonia-24-day6.jpg,0.0,0.0,0.0,0.0,0.0,0.0,0.0,0.0,0.0,0.0,0.0,0.0,0.0,1.0,116,AP,M
covid-19-pneumonia-24-day7.jpg,0.0,0.0,0.0,0.0,0.0,0.0,0.0,0.0,0.0,0.0,0.0,0.0,1.0,1.0,116,AP,M
covid-19-pneumonia-evolution-over-a-week-1-day0-PA.jpg,0.0,0.0,0.0,0.0,0.0,0.0,0.0,0.0,0.0,0.0,0.0,0.0,0.0,1.0,117,PA,M
53EC07C9-5CC6-4BE4-9B6F-D7B0D72AAA7E.jpeg,0.0,0.0,0.0,0.0,0.0,0.0,0.0,0.0,0.0,0.0,0.0,0.0,0.0,1.0,118,PA,F
covid-19-pneumonia-23-day3.jpg,0.0,0.0,0.0,0.0,0.0,0.0,0.0,0.0,0.0,0.0,0.0,0.0,0.0,1.0,132,AP,M
covid-19-pneumonia-23-day9.jpg,0.0,0.0,0.0,0.0,0.0,0.0,0.0,0.0,0.0,0.0,0.0,0.0,1.0,1.0,132,AP,M
A7E260CE-8A00-4C5F-A7F5-27336527A981.jpeg,0.0,0.0,0.0,0.0,0.0,0.0,0.0,0.0,0.0,0.0,0.0,0.0,0.0,1.0,137,AP,M
4e43e48d52c9e2d4c6c1fb9bc1544f_jumbo.jpeg,0.0,0.0,0.0,0.0,0.0,0.0,0.0,0.0,0.0,0.0,0.0,0.0,0.0,1.0,140,PA,F
post-intubuation-pneumomediastium-and-pneumothorax-background-covid-19-pneumonia-day1.jpg,0.0,0.0,0.0,0.0,0.0,0.0,0.0,0.0,0.0,0.0,0.0,0.0,0.0,1.0,142,AP,M
post-intubuation-pneumomediastium-and-pneumothorax-background-covid-19-pneumonia-day6-1.jpg,0.0,0.0,0.0,0.0,0.0,0.0,0.0,0.0,0.0,0.0,0.0,0.0,1.0,1.0,142,AP,M
post-intubuation-pneumomediastium-and-pneumothorax-background-covid-19-pneumonia-day6-2.jpg,0.0,0.0,0.0,0.0,0.0,0.0,0.0,0.0,0.0,0.0,0.0,0.0,1.0,1.0,142,AP,M
post-intubuation-pneumomediastium-and-pneumothorax-background-covid-19-pneumonia-day7.jpg,0.0,0.0,0.0,0.0,0.0,0.0,0.0,0.0,0.0,0.0,0.0,0.0,1.0,1.0,142,AP,M
covid-19-pneumonia-49-day4.jpg,0.0,0.0,0.0,0.0,0.0,0.0,0.0,0.0,0.0,0.0,0.0,0.0,0.0,1.0,143,AP,M
covid-19-pneumonia-42.jpeg,0.0,0.0,0.0,0.0,0.0,0.0,0.0,0.0,0.0,0.0,0.0,0.0,0.0,1.0,146,AP,M
da9e9aac-de8c-44c7-ba57-e7cc8e4caaba.annot.original.jpeg,0.0,0.0,0.0,0.0,0.0,0.0,0.0,0.0,0.0,0.0,0.0,0.0,0.0,1.0,147,AP,F
fff49165-b22d-4bb4-b9d1-d5d62c52436c.annot.original.png,0.0,0.0,0.0,0.0,0.0,0.0,0.0,0.0,0.0,0.0,0.0,0.0,0.0,1.0,149,PA,M
figure1-5e7c1b8d98c29ab001275405-98.jpeg,0.0,0.0,0.0,0.0,0.0,0.0,0.0,0.0,0.0,0.0,0.0,0.0,0.0,1.0,150,AP,M
figure1-5e7c1b8d98c29ab001275405-98-later.jpeg,0.0,0.0,0.0,0.0,0.0,0.0,0.0,0.0,0.0,0.0,0.0,0.0,1.0,1.0,150,AP,M
radiol.2020201160.fig2a.jpeg,0.0,0.0,0.0,0.0,0.0,0.0,0.0,0.0,0.0,0.0,0.0,0.0,0.0,1.0,151,AP,
radiol.2020201160.fig2b.jpeg,0.0,0.0,0.0,0.0,0.0,0.0,0.0,0.0,0.0,0.0,0.0,0.0,0.0,1.0,152,AP,
radiol.2020201160.fig2d.jpeg,0.0,0.0,0.0,0.0,0.0,0.0,0.0,0.0,0.0,0.0,0.0,0.0,0.0,1.0,154,AP,
radiol.2020201160.fig3a.jpeg,0.0,0.0,0.0,0.0,0.0,0.0,0.0,0.0,0.0,0.0,0.0,0.0,0.0,1.0,155,AP,
radiol.2020201160.fig3c.jpeg,0.0,0.0,0.0,0.0,0.0,0.0,0.0,0.0,0.0,0.0,0.0,0.0,0.0,1.0,157,AP,
radiol.2020201160.fig3d.jpeg,0.0,0.0,0.0,0.0,0.0,0.0,0.0,0.0,0.0,0.0,0.0,0.0,0.0,1.0,158,AP,
radiol.2020201160.fig6b.jpeg,0.0,0.0,0.0,0.0,0.0,0.0,0.0,0.0,0.0,0.0,0.0,0.0,0.0,1.0,159,AP,
ryct.2020003.fig2-a.png,0.0,0.0,0.0,0.0,0.0,0.0,0.0,0.0,0.0,0.0,0.0,0.0,0.0,1.0,160,PA,M
ryct.2020003.fig2-b.png,0.0,0.0,0.0,0.0,0.0,0.0,0.0,0.0,0.0,0.0,0.0,0.0,0.0,1.0,160,PA,M
ryct.2020003.fig2-c.png,0.0,0.0,0.0,0.0,0.0,0.0,0.0,0.0,0.0,0.0,0.0,0.0,0.0,1.0,160,PA,M
radiol.2020200274.fig3d.png,0.0,0.0,0.0,0.0,0.0,0.0,0.0,0.0,0.0,0.0,0.0,0.0,0.0,1.0,161,PA,M
covid-19-pneumonia-8.jpg,0.0,0.0,0.0,0.0,0.0,0.0,0.0,0.0,0.0,0.0,0.0,0.0,0.0,1.0,162,PA,M
covid-19-pneumonia-20-pa-on-admission.jpg,0.0,0.0,0.0,0.0,0.0,0.0,0.0,0.0,0.0,0.0,0.0,0.0,0.0,1.0,163,PA,M
covid-19-pneumonia-20.jpg,0.0,0.0,0.0,0.0,0.0,0.0,0.0,0.0,0.0,0.0,0.0,0.0,0.0,1.0,163,PA,M
covid-19-pneumonia-22-day1-pa.png,0.0,0.0,0.0,0.0,0.0,0.0,0.0,0.0,0.0,0.0,0.0,0.0,0.0,1.0,164,PA,M
covid-19-pneumonia-22-day2-pa.png,0.0,0.0,0.0,0.0,0.0,0.0,0.0,0.0,0.0,0.0,0.0,0.0,1.0,1.0,164,PA,M
covid-19-pneumonia-38-pa.jpg,0.0,0.0,0.0,0.0,0.0,0.0,0.0,0.0,0.0,0.0,0.0,0.0,0.0,1.0,166,PA,M
covid-19-pneumonia-35-1.jpg,0.0,0.0,0.0,0.0,0.0,0.0,0.0,0.0,0.0,0.0,0.0,0.0,0.0,1.0,167,PA,M
covid-19-pneumonia-35-2.jpg,0.0,0.0,0.0,0.0,0.0,0.0,0.0,0.0,0.0,0.0,0.0,0.0,0.0,1.0,167,PA,M
covid-19-pneumonia-44-day-0.jpeg,0.0,0.0,0.0,0.0,0.0,0.0,0.0,0.0,0.0,0.0,0.0,0.0,0.0,1.0,169,PA,M
covid-19-pneumonia-44-day-8.jpeg,0.0,0.0,0.0,0.0,0.0,0.0,0.0,0.0,0.0,0.0,0.0,0.0,1.0,1.0,169,AP,M
covid-19-pneumonia-58-day-3.jpg,0.0,0.0,0.0,0.0,0.0,0.0,0.0,0.0,0.0,0.0,0.0,0.0,0.0,1.0,173,AP,F
covid-19-pneumonia-58-day-7.jpg,0.0,0.0,0.0,0.0,0.0,0.0,0.0,0.0,0.0,0.0,0.0,0.0,0.0,1.0,173,AP,F
covid-19-pneumonia-58-day-9.jpg,0.0,0.0,0.0,0.0,0.0,0.0,0.0,0.0,0.0,0.0,0.0,0.0,0.0,1.0,173,AP,F
covid-19-pneumonia-58-day-10.jpg,0.0,0.0,0.0,0.0,0.0,0.0,0.0,0.0,0.0,0.0,0.0,0.0,1.0,1.0,173,AP,F
covid-19-pneumonia-mild.JPG,0.0,0.0,0.0,0.0,0.0,0.0,0.0,0.0,0.0,0.0,0.0,0.0,0.0,1.0,174,PA,F
covid-19-pneumonia-bilateral.jpg,0.0,0.0,0.0,0.0,0.0,0.0,0.0,0.0,0.0,0.0,0.0,0.0,0.0,1.0,176,AP,
16663_1_1.jpg,0.0,0.0,0.0,0.0,0.0,0.0,0.0,0.0,0.0,0.0,0.0,0.0,0.0,1.0,177,PA,M
16660_1_1.jpg,0.0,0.0,0.0,0.0,0.0,0.0,0.0,0.0,0.0,0.0,0.0,0.0,0.0,1.0,178,PA,F
16660_2_1.jpg,0.0,0.0,0.0,0.0,0.0,0.0,0.0,0.0,0.0,0.0,0.0,0.0,1.0,1.0,178,PA,F
16660_3_1.jpg,0.0,0.0,0.0,0.0,0.0,0.0,0.0,0.0,0.0,0.0,0.0,0.0,1.0,1.0,178,PA,F
16660_4_1.jpg,0.0,0.0,0.0,0.0,0.0,0.0,0.0,0.0,0.0,0.0,0.0,0.0,1.0,1.0,178,PA,F
16660_5_1.jpg,0.0,0.0,0.0,0.0,0.0,0.0,0.0,0.0,0.0,0.0,0.0,0.0,1.0,1.0,178,PA,F
16654_1_1.png,0.0,0.0,0.0,0.0,0.0,0.0,0.0,0.0,0.0,0.0,0.0,0.0,0.0,1.0,179,AP,M
16654_2_1.jpg,0.0,0.0,0.0,0.0,0.0,0.0,0.0,0.0,0.0,0.0,0.0,0.0,0.0,1.0,179,AP,M
16654_4_1.jpg,0.0,0.0,0.0,0.0,0.0,0.0,0.0,0.0,0.0,0.0,0.0,0.0,1.0,1.0,179,AP,M
16674_1_1.jpg,0.0,0.0,0.0,0.0,0.0,0.0,0.0,0.0,0.0,0.0,0.0,0.0,0.0,1.0,181,AP,F
16672_1_1.jpg,0.0,0.0,0.0,0.0,0.0,0.0,0.0,0.0,0.0,0.0,0.0,0.0,0.0,1.0,182,PA,M
16669_1_1.jpeg,0.0,0.0,0.0,0.0,0.0,0.0,0.0,0.0,0.0,0.0,0.0,0.0,1.0,1.0,183,AP,F
16669_3_1.jpeg,0.0,0.0,0.0,0.0,0.0,0.0,0.0,0.0,0.0,0.0,0.0,0.0,1.0,1.0,183,PA,F
ae6c954c0039de4b5edee53865ffee43-e6c8-0.jpg,0.0,0.0,0.0,0.0,0.0,0.0,0.0,0.0,0.0,0.0,0.0,0.0,0.0,1.0,188,PA,F
6b3bdbc31f65230b8cdcc3cef5f8ba8a-40ac-0.jpg,0.0,0.0,0.0,0.0,0.0,0.0,0.0,0.0,0.0,0.0,0.0,0.0,0.0,1.0,189,PA,M
88de9d8c39e946abd495b37cd07d89e5-0666-0.jpg,0.0,0.0,0.0,0.0,0.0,0.0,0.0,0.0,0.0,0.0,0.0,0.0,0.0,1.0,190,AP,M
88de9d8c39e946abd495b37cd07d89e5-2ee6-0.jpg,0.0,0.0,0.0,0.0,0.0,0.0,0.0,0.0,0.0,0.0,0.0,0.0,0.0,1.0,190,PA,M
88de9d8c39e946abd495b37cd07d89e5-6531-0.jpg,0.0,0.0,0.0,0.0,0.0,0.0,0.0,0.0,0.0,0.0,0.0,0.0,0.0,1.0,190,PA,M
AR-1.jpg,0.0,0.0,0.0,0.0,0.0,0.0,0.0,0.0,0.0,0.0,0.0,0.0,0.0,1.0,192,PA,
AR-2.jpg,0.0,0.0,0.0,0.0,0.0,0.0,0.0,0.0,0.0,0.0,0.0,0.0,1.0,1.0,192,PA,
2-chest-filmc.jpg,0.0,0.0,0.0,0.0,0.0,0.0,0.0,0.0,0.0,0.0,0.0,0.0,0.0,1.0,193,PA,M
paving.jpg,0.0,0.0,0.0,0.0,0.0,0.0,0.0,0.0,0.0,0.0,0.0,0.0,0.0,1.0,194,PA,M
7-fatal-covid19.jpg,0.0,0.0,0.0,0.0,0.0,0.0,0.0,0.0,0.0,0.0,0.0,0.0,0.0,1.0,195,PA,M
extubation-1.jpg,0.0,0.0,0.0,0.0,0.0,0.0,0.0,0.0,0.0,0.0,0.0,0.0,0.0,1.0,196,PA,M
extubation-4.jpg,0.0,0.0,0.0,0.0,0.0,0.0,0.0,0.0,0.0,0.0,0.0,0.0,1.0,1.0,196,PA,M
extubation-8.jpg,0.0,0.0,0.0,0.0,0.0,0.0,0.0,0.0,0.0,0.0,0.0,0.0,1.0,1.0,196,PA,M
extubation-13.jpg,0.0,0.0,0.0,0.0,0.0,0.0,0.0,0.0,0.0,0.0,0.0,0.0,0.0,1.0,196,PA,M
16724_1_1.jpg,0.0,0.0,0.0,0.0,0.0,0.0,0.0,0.0,0.0,0.0,0.0,0.0,0.0,1.0,197,AP,F
16673_2_1.jpg,0.0,0.0,0.0,0.0,0.0,0.0,0.0,0.0,0.0,0.0,0.0,0.0,1.0,1.0,197,AP,F
16708_1_1.jpg,0.0,0.0,0.0,0.0,0.0,0.0,0.0,0.0,0.0,0.0,0.0,0.0,0.0,1.0,198,PA,F
16708_4_1.jpg,0.0,0.0,0.0,0.0,0.0,0.0,0.0,0.0,0.0,0.0,0.0,0.0,0.0,1.0,198,PA,F
16708_5_1.jpg,0.0,0.0,0.0,0.0,0.0,0.0,0.0,0.0,0.0,0.0,0.0,0.0,0.0,1.0,198,PA,F
16706_1_1.png,0.0,0.0,0.0,0.0,0.0,0.0,0.0,0.0,0.0,0.0,0.0,0.0,0.0,1.0,199,AP,F
covid-19-pneumonia-101.png,0.0,0.0,0.0,0.0,0.0,0.0,0.0,0.0,0.0,0.0,0.0,0.0,0.0,1.0,203,AP,F
covid-19-pneumonia-93.png,0.0,0.0,0.0,0.0,0.0,0.0,0.0,0.0,0.0,0.0,0.0,0.0,0.0,1.0,204,PA,M
covid-19-pneumonia-progression-and-regression-day1.jpg,0.0,0.0,0.0,0.0,0.0,0.0,0.0,0.0,0.0,0.0,0.0,0.0,0.0,1.0,205,AP,M
covid-19-pneumonia-progression-and-regression-day6.jpg,0.0,0.0,0.0,0.0,0.0,0.0,0.0,0.0,0.0,0.0,0.0,0.0,0.0,1.0,205,AP,M
covid-19-pneumonia-progression-and-regression-day20.jpg,0.0,0.0,0.0,0.0,0.0,0.0,0.0,0.0,0.0,0.0,0.0,0.0,1.0,1.0,205,AP,M
covid-19-pneumonia-progression-and-regression-day24.jpg,0.0,0.0,0.0,0.0,0.0,0.0,0.0,0.0,0.0,0.0,0.0,0.0,0.0,1.0,205,AP,M
covid-19-pneumonia-progression-and-regression-day28.jpg,0.0,0.0,0.0,0.0,0.0,0.0,0.0,0.0,0.0,0.0,0.0,0.0,0.0,1.0,205,AP,M
16747_1_1.jpg,0.0,0.0,0.0,0.0,0.0,0.0,0.0,0.0,0.0,0.0,0.0,0.0,0.0,1.0,206,PA,M
16747_2_1.jpg,0.0,0.0,0.0,0.0,0.0,0.0,0.0,0.0,0.0,0.0,0.0,0.0,0.0,1.0,206,AP,M
16747_3_1.jpg,0.0,0.0,0.0,0.0,0.0,0.0,0.0,0.0,0.0,0.0,0.0,0.0,0.0,1.0,206,AP,M
16745_4_1.png,0.0,0.0,0.0,0.0,0.0,0.0,0.0,0.0,0.0,0.0,0.0,0.0,0.0,1.0,212,AP,
16745_5_1.png,0.0,0.0,0.0,0.0,0.0,0.0,0.0,0.0,0.0,0.0,0.0,0.0,0.0,1.0,213,PA,
16745_7_1.png,0.0,0.0,0.0,0.0,0.0,0.0,0.0,0.0,0.0,0.0,0.0,0.0,0.0,1.0,215,AP,
16744_1_1.jpg,0.0,0.0,0.0,0.0,0.0,0.0,0.0,0.0,0.0,0.0,0.0,0.0,0.0,1.0,216,AP,M
5f619d7e.jpg,0.0,0.0,0.0,0.0,0.0,0.0,0.0,0.0,0.0,0.0,0.0,0.0,0.0,1.0,223,PA,M
4d98e1de.jpg,0.0,0.0,0.0,0.0,0.0,0.0,0.0,0.0,0.0,0.0,0.0,0.0,0.0,1.0,225,PA,M
80b5f00f.jpg,0.0,0.0,0.0,0.0,0.0,0.0,0.0,0.0,0.0,0.0,0.0,0.0,0.0,1.0,225,PA,M
c0f74558.jpg,0.0,0.0,0.0,0.0,0.0,0.0,0.0,0.0,0.0,0.0,0.0,0.0,0.0,1.0,227,PA,F
bb0e626a.jpg,0.0,0.0,0.0,0.0,0.0,0.0,0.0,0.0,0.0,0.0,0.0,0.0,0.0,1.0,232,PA,M
441c9cdd.jpg,0.0,0.0,0.0,0.0,0.0,0.0,0.0,0.0,0.0,0.0,0.0,0.0,0.0,1.0,233,PA,M
f64132c8.jpg,0.0,0.0,0.0,0.0,0.0,0.0,0.0,0.0,0.0,0.0,0.0,0.0,0.0,1.0,234,PA,F
bd10d5e2.jpg,0.0,0.0,0.0,0.0,0.0,0.0,0.0,0.0,0.0,0.0,0.0,0.0,0.0,1.0,237,PA,F
a2eba651.jpg,0.0,0.0,0.0,0.0,0.0,0.0,0.0,0.0,0.0,0.0,0.0,0.0,0.0,1.0,239,PA,M
3b46de94.jpg,0.0,0.0,0.0,0.0,0.0,0.0,0.0,0.0,0.0,0.0,0.0,0.0,0.0,1.0,242,PA,M
d9d6ca9a.jpg,0.0,0.0,0.0,0.0,0.0,0.0,0.0,0.0,0.0,0.0,0.0,0.0,0.0,1.0,243,PA,M
a361d7b7.jpg,0.0,0.0,0.0,0.0,0.0,0.0,0.0,0.0,0.0,0.0,0.0,0.0,0.0,1.0,243,PA,M
e1446fe8.jpg,0.0,0.0,0.0,0.0,0.0,0.0,0.0,0.0,0.0,0.0,0.0,0.0,0.0,1.0,248,PA,M
7afaaccc.jpg,0.0,0.0,0.0,0.0,0.0,0.0,0.0,0.0,0.0,0.0,0.0,0.0,0.0,1.0,252,PA,F
ec083e35.jpg,0.0,0.0,0.0,0.0,0.0,0.0,0.0,0.0,0.0,0.0,0.0,0.0,0.0,1.0,252,PA,F
c601f50d.jpg,0.0,0.0,0.0,0.0,0.0,0.0,0.0,0.0,0.0,0.0,0.0,0.0,0.0,1.0,252,PA,F
8da14fff.jpg,0.0,0.0,0.0,0.0,0.0,0.0,0.0,0.0,0.0,0.0,0.0,0.0,0.0,1.0,253,PA,M
1052b0fe.jpg,0.0,0.0,0.0,0.0,0.0,0.0,0.0,0.0,0.0,0.0,0.0,0.0,0.0,1.0,253,PA,M
8fc103ca.jpg,0.0,0.0,0.0,0.0,0.0,0.0,0.0,0.0,0.0,0.0,0.0,0.0,0.0,1.0,256,PA,M
f6d980a0.jpg,0.0,0.0,0.0,0.0,0.0,0.0,0.0,0.0,0.0,0.0,0.0,0.0,0.0,1.0,258,PA,M
b9673e89.jpg,0.0,0.0,0.0,0.0,0.0,0.0,0.0,0.0,0.0,0.0,0.0,0.0,0.0,1.0,259,PA,F
48c4542c.jpg,0.0,0.0,0.0,0.0,0.0,0.0,0.0,0.0,0.0,0.0,0.0,0.0,0.0,1.0,264,PA,M
c3829ecb.jpg,0.0,0.0,0.0,0.0,0.0,0.0,0.0,0.0,0.0,0.0,0.0,0.0,0.0,1.0,266,PA,F
a8ac1969.jpg,0.0,0.0,0.0,0.0,0.0,0.0,0.0,0.0,0.0,0.0,0.0,0.0,0.0,1.0,268,PA,F
90986ce4.jpg,0.0,0.0,0.0,0.0,0.0,0.0,0.0,0.0,0.0,0.0,0.0,0.0,0.0,1.0,270,PA,M
68_2020_1364_Fig1_HTML-a.png,0.0,0.0,0.0,0.0,0.0,0.0,0.0,0.0,0.0,0.0,0.0,0.0,0.0,1.0,289,AP,
68_2020_1364_Fig1_HTML-b.png,0.0,0.0,0.0,0.0,0.0,0.0,0.0,0.0,0.0,0.0,0.0,0.0,0.0,1.0,289,AP,
68_2020_1364_Fig1_HTML-c.png,0.0,0.0,0.0,0.0,0.0,0.0,0.0,0.0,0.0,0.0,0.0,0.0,0.0,1.0,289,AP,
270_2020_2470_Fig1_HTML-b.png,0.0,0.0,0.0,0.0,0.0,0.0,0.0,0.0,0.0,0.0,0.0,0.0,0.0,1.0,290,AP,F
296_2020_4584_Fig2_HTML-a.png,0.0,0.0,0.0,0.0,0.0,0.0,0.0,0.0,0.0,0.0,0.0,0.0,0.0,1.0,291,AP,F
296_2020_4584_Fig2_HTML-b.png,0.0,0.0,0.0,0.0,0.0,0.0,0.0,0.0,0.0,0.0,0.0,0.0,0.0,1.0,291,AP,F
296_2020_4584_Fig2_HTML-c.png,0.0,0.0,0.0,0.0,0.0,0.0,0.0,0.0,0.0,0.0,0.0,0.0,0.0,1.0,291,AP,F
11547_2020_1200_Fig3_HTML-a.png,0.0,0.0,0.0,0.0,0.0,0.0,0.0,0.0,0.0,0.0,0.0,0.0,0.0,1.0,294,AP,M
11547_2020_1200_Fig3_HTML-b.png,0.0,0.0,0.0,0.0,0.0,0.0,0.0,0.0,0.0,0.0,0.0,0.0,0.0,1.0,294,AP,M
11547_2020_1203_Fig1_HTML-c.png,0.0,0.0,0.0,0.0,0.0,0.0,0.0,0.0,0.0,0.0,0.0,0.0,1.0,1.0,299,AP,M
10.1016-slash-j.anl.2020.04.002-a.png,0.0,0.0,0.0,0.0,0.0,0.0,0.0,0.0,0.0,0.0,0.0,0.0,0.0,1.0,303,PA,M
10.1016-slash-j.anl.2020.04.002-b.png,0.0,0.0,0.0,0.0,0.0,0.0,0.0,0.0,0.0,0.0,0.0,0.0,1.0,1.0,303,AP,M
10.1016-slash-j.anl.2020.04.002-c.png,0.0,0.0,0.0,0.0,0.0,0.0,0.0,0.0,0.0,0.0,0.0,0.0,0.0,1.0,303,AP,M
1-s2.0-S1931312820301852-gr1_lrg-a.png,0.0,0.0,0.0,0.0,0.0,0.0,0.0,0.0,0.0,0.0,0.0,0.0,0.0,1.0,307,AP,M
1-s2.0-S1931312820301852-gr1_lrg-b.png,0.0,0.0,0.0,0.0,0.0,0.0,0.0,0.0,0.0,0.0,0.0,0.0,0.0,1.0,308,AP,M
1-s2.0-S1931312820301852-gr1_lrg-c.png,0.0,0.0,0.0,0.0,0.0,0.0,0.0,0.0,0.0,0.0,0.0,0.0,0.0,1.0,309,AP,M
10.1016-slash-j.crad.2020.04.002-a.png,0.0,0.0,0.0,0.0,0.0,0.0,0.0,0.0,0.0,0.0,0.0,0.0,1.0,1.0,311a,PA,M
10.1016-slash-j.crad.2020.04.002-b.png,0.0,0.0,0.0,0.0,0.0,0.0,0.0,0.0,0.0,0.0,0.0,0.0,0.0,1.0,311b,PA,F
10.1016-slash-j.healun.2020.04.004.jpg,0.0,0.0,0.0,0.0,0.0,0.0,0.0,0.0,0.0,0.0,0.0,0.0,0.0,1.0,312,AP,F
1-s2.0-S2213716520301168-gr1_lrg-a.png,0.0,0.0,0.0,0.0,0.0,0.0,0.0,0.0,0.0,0.0,0.0,0.0,0.0,1.0,316,AP,M
1-s2.0-S1684118220300372-gr1_lrg-a.png,0.0,0.0,0.0,0.0,0.0,0.0,0.0,0.0,0.0,0.0,0.0,0.0,0.0,1.0,319a,AP,F
1-s2.0-S0085253820303616-gr1_lrg-a.png,0.0,0.0,0.0,0.0,0.0,0.0,0.0,0.0,0.0,0.0,0.0,0.0,0.0,1.0,320,AP,F
1-s2.0-S0085253820303616-gr1_lrg-b.png,0.0,0.0,0.0,0.0,0.0,0.0,0.0,0.0,0.0,0.0,0.0,0.0,0.0,1.0,320,AP,F
1-s2.0-S2387020620301959-gr4_lrg-a.png,0.0,0.0,0.0,0.0,0.0,0.0,0.0,0.0,0.0,0.0,0.0,0.0,0.0,1.0,321,AP,
1-s2.0-S2387020620301959-gr4_lrg-b.png,0.0,0.0,0.0,0.0,0.0,0.0,0.0,0.0,0.0,0.0,0.0,0.0,0.0,1.0,321,PA,
1-s2.0-S2387020620301959-gr4_lrg-c.png,0.0,0.0,0.0,0.0,0.0,0.0,0.0,0.0,0.0,0.0,0.0,0.0,0.0,1.0,322,PA,
fx1_lrg.jpg,0.0,0.0,0.0,0.0,0.0,0.0,0.0,0.0,0.0,0.0,0.0,0.0,0.0,1.0,324a,AP,F
1-s2.0-S1059131120301151-gr2-f.png,0.0,0.0,0.0,0.0,0.0,0.0,0.0,0.0,0.0,0.0,0.0,0.0,0.0,1.0,325,AP,F
41379_2020_536_Fig2_HTML-c1.png,0.0,0.0,0.0,0.0,0.0,0.0,0.0,0.0,0.0,0.0,0.0,0.0,0.0,1.0,326a,PA,M
41379_2020_536_Fig2_HTML-c2.png,0.0,0.0,0.0,0.0,0.0,0.0,0.0,0.0,0.0,0.0,0.0,0.0,0.0,1.0,326a,AP,M
afaa068f1.png,0.0,0.0,0.0,0.0,0.0,0.0,0.0,0.0,0.0,0.0,0.0,0.0,0.0,1.0,326b,AP,M
12941_2020_358_Fig1_HTML.jpg,0.0,0.0,0.0,0.0,0.0,0.0,0.0,0.0,0.0,0.0,0.0,0.0,0.0,1.0,329,PA,M
40779_2020_233_Fig2_HTML-a.png,0.0,0.0,0.0,0.0,0.0,0.0,0.0,0.0,0.0,0.0,0.0,0.0,0.0,1.0,330,PA,M
41182_2020_203_Fig3_HTML.jpg,0.0,0.0,0.0,0.0,0.0,0.0,0.0,0.0,0.0,0.0,0.0,0.0,0.0,1.0,331a,PA,F
tpmd200203f2-b.png,0.0,0.0,0.0,0.0,0.0,0.0,0.0,0.0,0.0,0.0,0.0,0.0,0.0,1.0,332,PA,F
tpmd200203f2-c.png,0.0,0.0,0.0,0.0,0.0,0.0,0.0,0.0,0.0,0.0,0.0,0.0,0.0,1.0,332,PA,F
BMJ-37-163-g1.jpg,0.0,0.0,0.0,0.0,0.0,0.0,0.0,0.0,0.0,0.0,0.0,0.0,0.0,1.0,333,PA,F
thnov10p5641g006-c.png,0.0,0.0,0.0,0.0,0.0,0.0,0.0,0.0,0.0,0.0,0.0,0.0,0.0,1.0,334,PA,M
article_river_e4d185c06e3511eaa2321d8ab357a1de-c1mn.png,0.0,0.0,0.0,0.0,0.0,0.0,0.0,0.0,0.0,0.0,0.0,0.0,0.0,1.0,336,PA,M
article_river_c79329e06dff11eab69c95940c7c0d00-CXR-D1-COVID19.png,0.0,0.0,0.0,0.0,0.0,0.0,0.0,0.0,0.0,0.0,0.0,0.0,0.0,1.0,337,AP,M
article_river_de7471906e0011eabe5f9363acaf45c4-covid-cxr-2.png,0.0,0.0,0.0,0.0,0.0,0.0,0.0,0.0,0.0,0.0,0.0,0.0,1.0,1.0,337,AP,M
covid-19-caso-82-1-8.png,0.0,0.0,0.0,0.0,0.0,0.0,0.0,0.0,0.0,0.0,0.0,0.0,0.0,1.0,341,PA,F
covid-19-caso-85-5-4.png,0.0,0.0,0.0,0.0,0.0,0.0,0.0,0.0,0.0,0.0,0.0,0.0,1.0,1.0,343,AP,F
covid-19-caso-91-1-12.png,0.0,0.0,0.0,0.0,0.0,0.0,0.0,0.0,0.0,0.0,0.0,0.0,0.0,1.0,345,PA,F
covid-19-caso-94-1-14.png,0.0,0.0,0.0,0.0,0.0,0.0,0.0,0.0,0.0,0.0,0.0,0.0,0.0,1.0,346,PA,F
covid-19-caso-95-1-15.png,0.0,0.0,0.0,0.0,0.0,0.0,0.0,0.0,0.0,0.0,0.0,0.0,0.0,1.0,347,PA,F
covid-19-caso-95-3-14.png,0.0,0.0,0.0,0.0,0.0,0.0,0.0,0.0,0.0,0.0,0.0,0.0,0.0,1.0,347,PA,F
1141cc2b8b9cc394becce5d978b5a7_jumbo.jpeg,0.0,0.0,0.0,0.0,0.0,0.0,0.0,0.0,0.0,0.0,0.0,0.0,0.0,1.0,350b,PA,M
6770dac454c45c86bc6c2d6193b177_jumbo.jpeg,0.0,0.0,0.0,0.0,0.0,0.0,0.0,0.0,0.0,0.0,0.0,0.0,0.0,1.0,350c,AP,M
071d06607edf81d70c940e043bce34_jumbo.jpeg,0.0,0.0,0.0,0.0,0.0,0.0,0.0,0.0,0.0,0.0,0.0,0.0,0.0,1.0,351,AP,M
14d81f378173b86cc53f21d2d67040_jumbo.jpeg,0.0,0.0,0.0,0.0,0.0,0.0,0.0,0.0,0.0,0.0,0.0,0.0,0.0,1.0,355,PA,M
3b66f98f30636b2e1fb42c1d0f18a8_jumbo.jpeg,0.0,0.0,0.0,0.0,0.0,0.0,0.0,0.0,0.0,0.0,0.0,0.0,0.0,1.0,359,AP,M
50e51fcefaa760d0757eeae6eb0858_jumbo.jpeg,0.0,0.0,0.0,0.0,0.0,0.0,0.0,0.0,0.0,0.0,0.0,0.0,1.0,1.0,359,AP,M
8eda8be6369c87e0899f6d1642e97b_jumbo.jpeg,0.0,0.0,0.0,0.0,0.0,0.0,0.0,0.0,0.0,0.0,0.0,0.0,1.0,1.0,359,AP,M
2d8a60a26381b256a5a6373708950e_jumbo.jpeg,0.0,0.0,0.0,0.0,0.0,0.0,0.0,0.0,0.0,0.0,0.0,0.0,1.0,1.0,359,AP,M
2eadbbb367a0366d8c34350d083a83_jumbo.jpeg,0.0,0.0,0.0,0.0,0.0,0.0,0.0,0.0,0.0,0.0,0.0,0.0,1.0,1.0,359,AP,M
7867b1aa2d1241045c917f07a9e683_jumbo.jpeg,0.0,0.0,0.0,0.0,0.0,0.0,0.0,0.0,0.0,0.0,0.0,0.0,0.0,1.0,360a,AP,F
aqaa062i0002-a.png,0.0,0.0,0.0,0.0,0.0,0.0,0.0,0.0,0.0,0.0,0.0,0.0,0.0,1.0,427a,AP,M
aqaa062i0002-b.png,0.0,0.0,0.0,0.0,0.0,0.0,0.0,0.0,0.0,0.0,0.0,0.0,1.0,1.0,427b,AP,M
3c48faa5dc2f1540fda696bae045ba_jumbo.jpeg,0.0,0.0,0.0,0.0,0.0,0.0,0.0,0.0,0.0,0.0,0.0,0.0,0.0,1.0,446,AP,M
447d65b38231a1031586b304bc5837_jumbo.jpeg,0.0,0.0,0.0,0.0,0.0,0.0,0.0,0.0,0.0,0.0,0.0,0.0,1.0,1.0,446,AP,M
81af553601a1bc1fdf81c99436a50b_jumbo.jpeg,0.0,0.0,0.0,0.0,0.0,0.0,0.0,0.0,0.0,0.0,0.0,0.0,1.0,1.0,446,AP,M
f46a9bfc7222e61e099a25ab9267da_jumbo.jpeg,0.0,0.0,0.0,0.0,0.0,0.0,0.0,0.0,0.0,0.0,0.0,0.0,1.0,1.0,446,AP,M
882fd7ec99b523aead995d78f3129f_jumbo.jpeg,0.0,0.0,0.0,0.0,0.0,0.0,0.0,0.0,0.0,0.0,0.0,0.0,0.0,1.0,447,AP,M
4cb2f877226f5e02b3064e1e52075f_jumbo.jpeg,0.0,0.0,0.0,0.0,0.0,0.0,0.0,0.0,0.0,0.0,0.0,0.0,0.0,1.0,447,AP,M
556e19b9d38e2199dfa8722ddff25f_jumbo.jpeg,0.0,0.0,0.0,0.0,0.0,0.0,0.0,0.0,0.0,0.0,0.0,0.0,0.0,1.0,447,AP,M
8781ac6b9589f3646d2bbfff8f9015_jumbo.jpeg,0.0,0.0,0.0,0.0,0.0,0.0,0.0,0.0,0.0,0.0,0.0,0.0,0.0,1.0,448,AP,M
c94ef38ddb2d94aa11828716777139_jumbo.jpeg,0.0,0.0,0.0,0.0,0.0,0.0,0.0,0.0,0.0,0.0,0.0,0.0,0.0,1.0,465,AP,M
16953_1_1.jpg,0.0,0.0,0.0,0.0,0.0,0.0,0.0,0.0,0.0,0.0,0.0,0.0,0.0,1.0,471,AP,M
16953_3_1.jpg,0.0,0.0,0.0,0.0,0.0,0.0,0.0,0.0,0.0,0.0,0.0,0.0,0.0,1.0,471,PA,M
16953_4_1.jpg,0.0,0.0,0.0,0.0,0.0,0.0,0.0,0.0,0.0,0.0,0.0,0.0,0.0,1.0,471,PA,M
16953_5_1.jpg,0.0,0.0,0.0,0.0,0.0,0.0,0.0,0.0,0.0,0.0,0.0,0.0,0.0,1.0,471,PA,M
16892_2_1.png,0.0,0.0,0.0,0.0,0.0,0.0,0.0,0.0,0.0,0.0,0.0,0.0,0.0,1.0,472,AP,M
16883_1_1.png,0.0,0.0,0.0,0.0,0.0,0.0,0.0,0.0,0.0,0.0,0.0,0.0,0.0,1.0,473,AP,M
2edb88df42cab5e5fbc18b3965e0bd_jumbo.jpeg,0.0,0.0,0.0,0.0,0.0,0.0,0.0,0.0,0.0,0.0,0.0,0.0,0.0,1.0,474,PA,M
16858_1_1.png,0.0,0.0,0.0,0.0,0.0,0.0,0.0,0.0,0.0,0.0,0.0,0.0,0.0,1.0,475,AP,M
16858_3_1.png,0.0,0.0,0.0,0.0,0.0,0.0,0.0,0.0,0.0,0.0,0.0,0.0,0.0,1.0,475,AP,M
16865_1_1.jpg,0.0,0.0,0.0,0.0,0.0,0.0,0.0,0.0,0.0,0.0,0.0,0.0,0.0,1.0,476,PA,M
8FDE8DBA-CFBD-4B4C-B1A4-6F36A93B7E87.jpeg,0.0,0.0,0.0,0.0,0.0,0.0,0.0,0.0,0.0,0.0,0.0,0.0,0.0,1.0,36,PA,M
9C34AF49-E589-44D5-92D3-168B3B04E4A6.jpeg,0.0,0.0,0.0,0.0,0.0,0.0,0.0,0.0,0.0,0.0,0.0,0.0,0.0,1.0,36,PA,M
5e6dd879fde9502400e58b2f.jpeg,0.0,0.0,0.0,0.0,0.0,0.0,0.0,0.0,0.0,0.0,0.0,0.0,0.0,1.0,74,AP,M
6b44464d-73a7-4cf3-bbb6-ffe7168300e3.annot.original.jpeg,0.0,0.0,0.0,0.0,0.0,0.0,0.0,0.0,0.0,0.0,0.0,0.0,0.0,1.0,94,PA,F
covid-19-pneumonia-53.jpg,0.0,0.0,0.0,0.0,0.0,0.0,0.0,0.0,0.0,0.0,0.0,0.0,0.0,1.0,141,PA,M
covid-19-pneumonia-34.png,0.0,0.0,0.0,0.0,0.0,0.0,0.0,0.0,0.0,0.0,0.0,0.0,0.0,1.0,165,AP,F
yxppt-2020-02-19_00-51-27_287214-day8.jpg,0.0,0.0,0.0,0.0,0.0,0.0,0.0,0.0,0.0,0.0,0.0,0.0,0.0,1.0,187,PA,M
f6575117.jpg,0.0,0.0,0.0,0.0,0.0,0.0,0.0,0.0,0.0,0.0,0.0,0.0,0.0,1.0,228,PA,F
ac4f6e4e.jpg,0.0,0.0,0.0,0.0,0.0,0.0,0.0,0.0,0.0,0.0,0.0,0.0,0.0,1.0,228,PA,F
2cd63b76.jpg,0.0,0.0,0.0,0.0,0.0,0.0,0.0,0.0,0.0,0.0,0.0,0.0,0.0,1.0,229,PA,F
f8335316.jpg,0.0,0.0,0.0,0.0,0.0,0.0,0.0,0.0,0.0,0.0,0.0,0.0,0.0,1.0,240,PA,M
82a78c13.jpg,0.0,0.0,0.0,0.0,0.0,0.0,0.0,0.0,0.0,0.0,0.0,0.0,0.0,1.0,269,PA,M
1-s2.0-S1521661620303314-gr1_lrg-a.png,0.0,0.0,0.0,0.0,0.0,0.0,0.0,0.0,0.0,0.0,0.0,0.0,0.0,1.0,310,AP,M
1-s2.0-S2214250920300834-gr1_lrg-b.png,0.0,0.0,0.0,0.0,0.0,0.0,0.0,0.0,0.0,0.0,0.0,0.0,0.0,1.0,315,PA,F
1-s2.0-S2214250920300834-gr1_lrg-c.png,0.0,0.0,0.0,0.0,0.0,0.0,0.0,0.0,0.0,0.0,0.0,0.0,0.0,1.0,315,PA,F
10.1016-slash-j.jhin.2020.03.036.png,0.0,0.0,0.0,0.0,0.0,0.0,0.0,0.0,0.0,0.0,0.0,0.0,0.0,1.0,317,AP,F
gr2_lrg-a.png,0.0,0.0,0.0,0.0,0.0,0.0,0.0,0.0,0.0,0.0,0.0,0.0,0.0,1.0,324b,AP,F
gr2_lrg-b.png,0.0,0.0,0.0,0.0,0.0,0.0,0.0,0.0,0.0,0.0,0.0,0.0,0.0,1.0,324b,AP,F
gr2_lrg-c.png,0.0,0.0,0.0,0.0,0.0,0.0,0.0,0.0,0.0,0.0,0.0,0.0,0.0,1.0,324b,AP,F
b0f1684d1ee90dc09deef015e29dae_jumbo.jpeg,0.0,0.0,0.0,0.0,0.0,0.0,0.0,0.0,0.0,0.0,0.0,0.0,0.0,1.0,358,PA,F
1-s2.0-S2387020620301959-gr3_lrg-a.png,0.0,0.0,0.0,0.0,0.0,0.0,0.0,0.0,0.0,0.0,0.0,0.0,0.0,1.0,422,AP,
be835db3a56b5f76d607061dbb82a5_jumbo.jpeg,0.0,0.0,0.0,0.0,0.0,0.0,0.0,0.0,0.0,0.0,0.0,0.0,0.0,1.0,445,AP,F
lancet-case2a.jpg,0.0,0.0,0.0,0.0,0.0,0.0,0.0,0.0,0.0,0.0,0.0,0.0,1.0,1.0,6,PA,
lancet-case2b.jpg,0.0,0.0,0.0,0.0,0.0,0.0,0.0,0.0,0.0,0.0,0.0,0.0,1.0,1.0,6,PA,
jkms-35-e79-g001-l-a.jpg,0.0,0.0,0.0,0.0,0.0,0.0,0.0,0.0,0.0,0.0,0.0,0.0,0.0,1.0,17,AP,M
jkms-35-e79-g001-l-b.jpg,0.0,0.0,0.0,0.0,0.0,0.0,0.0,0.0,0.0,0.0,0.0,0.0,0.0,1.0,17,AP,M
jkms-35-e79-g001-l-c.jpg,0.0,0.0,0.0,0.0,0.0,0.0,0.0,0.0,0.0,0.0,0.0,0.0,0.0,1.0,17,AP,M
1-s2.0-S0929664620300449-gr2_lrg-a.jpg,0.0,0.0,0.0,0.0,0.0,0.0,0.0,0.0,0.0,0.0,0.0,0.0,0.0,1.0,19,AP,F
1-s2.0-S0929664620300449-gr2_lrg-b.jpg,0.0,0.0,0.0,0.0,0.0,0.0,0.0,0.0,0.0,0.0,0.0,0.0,0.0,1.0,19,AP,F
1-s2.0-S0929664620300449-gr2_lrg-c.jpg,0.0,0.0,0.0,0.0,0.0,0.0,0.0,0.0,0.0,0.0,0.0,0.0,0.0,1.0,19,AP,F
1-s2.0-S0929664620300449-gr2_lrg-d.jpg,0.0,0.0,0.0,0.0,0.0,0.0,0.0,0.0,0.0,0.0,0.0,0.0,0.0,1.0,19,AP,F
covid-19-pneumonia-12.jpg,0.0,0.0,0.0,0.0,0.0,0.0,0.0,0.0,0.0,0.0,0.0,0.0,0.0,1.0,24,AP,M
31BA3780-2323-493F-8AED-62081B9C383B.jpeg,0.0,0.0,0.0,0.0,0.0,0.0,0.0,0.0,0.0,0.0,0.0,0.0,1.0,1.0,37,AP,M
80446565-E090-4187-A031-9D3CEAA586C8.jpeg,0.0,0.0,0.0,0.0,0.0,0.0,0.0,0.0,0.0,0.0,0.0,0.0,0.0,1.0,54,PA,M
7D2CF6CE-F529-4470-8356-D33FFAF98600.jpeg,0.0,0.0,0.0,0.0,0.0,0.0,0.0,0.0,0.0,0.0,0.0,0.0,0.0,1.0,70,AP,M
FE9F9A5D-2830-46F9-851B-1FF4534959BE.jpeg,0.0,0.0,0.0,0.0,0.0,0.0,0.0,0.0,0.0,0.0,0.0,0.0,0.0,1.0,70,PA,M
covid-19-pneumonia-rapidly-progressive-admission.jpg,0.0,0.0,0.0,0.0,0.0,0.0,0.0,0.0,0.0,0.0,0.0,0.0,0.0,1.0,96,PA,M
covid-19-pneumonia-rapidly-progressive-12-hours.jpg,0.0,0.0,0.0,0.0,0.0,0.0,0.0,0.0,0.0,0.0,0.0,0.0,0.0,1.0,96,PA,M
covid-19-pneumonia-rapidly-progressive-3-days.jpg,0.0,0.0,0.0,0.0,0.0,0.0,0.0,0.0,0.0,0.0,0.0,0.0,0.0,1.0,96,PA,M
1.CXRCTThoraximagesofCOVID-19fromSingapore.pdf-001-fig2a.png,0.0,0.0,0.0,0.0,0.0,0.0,0.0,0.0,0.0,0.0,0.0,0.0,0.0,1.0,113,PA,
1.CXRCTThoraximagesofCOVID-19fromSingapore.pdf-001-fig2b.png,0.0,0.0,0.0,0.0,0.0,0.0,0.0,0.0,0.0,0.0,0.0,0.0,0.0,1.0,113,PA,
covid-19-caso-70-1-PA.jpg,0.0,0.0,0.0,0.0,0.0,0.0,0.0,0.0,0.0,0.0,0.0,0.0,0.0,1.0,139,PA,M
4ad30bc6-2da0-4f84-bc9b-62acabfd518a.annot.original.png,0.0,0.0,0.0,0.0,0.0,0.0,0.0,0.0,0.0,0.0,0.0,0.0,0.0,1.0,148,AP,M
radiol.2020201160.fig2c.jpeg,0.0,0.0,0.0,0.0,0.0,0.0,0.0,0.0,0.0,0.0,0.0,0.0,0.0,1.0,153,AP,
radiol.2020201160.fig3b.jpeg,0.0,0.0,0.0,0.0,0.0,0.0,0.0,0.0,0.0,0.0,0.0,0.0,0.0,1.0,156,AP,
covid-19-pneumonia-41-day-0.jpg,0.0,0.0,0.0,0.0,0.0,0.0,0.0,0.0,0.0,0.0,0.0,0.0,0.0,1.0,168,AP,F
covid-19-pneumonia-41-day-2.jpg,0.0,0.0,0.0,0.0,0.0,0.0,0.0,0.0,0.0,0.0,0.0,0.0,0.0,1.0,168,AP,F
covid-19-pneumonia-67.jpeg,0.0,0.0,0.0,0.0,0.0,0.0,0.0,0.0,0.0,0.0,0.0,0.0,0.0,1.0,175,AP,M
16664_1_1.jpg,0.0,0.0,0.0,0.0,0.0,0.0,0.0,0.0,0.0,0.0,0.0,0.0,0.0,1.0,184,PA,F
2168a917.jpg,0.0,0.0,0.0,0.0,0.0,0.0,0.0,0.0,0.0,0.0,0.0,0.0,0.0,1.0,221,PA,M
19abe1f3.jpg,0.0,0.0,0.0,0.0,0.0,0.0,0.0,0.0,0.0,0.0,0.0,0.0,0.0,1.0,230,PA,M
d009d61f.jpg,0.0,0.0,0.0,0.0,0.0,0.0,0.0,0.0,0.0,0.0,0.0,0.0,0.0,1.0,251,PA,F
0a7faa2a.jpg,0.0,0.0,0.0,0.0,0.0,0.0,0.0,0.0,0.0,0.0,0.0,0.0,0.0,1.0,263,PA,M
5782ae15.jpg,0.0,0.0,0.0,0.0,0.0,0.0,0.0,0.0,0.0,0.0,0.0,0.0,0.0,1.0,263,PA,M
11547_2020_1202_Fig1_HTML-a.png,0.0,0.0,0.0,0.0,0.0,0.0,0.0,0.0,0.0,0.0,0.0,0.0,0.0,1.0,297,AP,M
10.1016-slash-j.cardfail.2020.04.007-a.png,0.0,0.0,0.0,0.0,0.0,0.0,0.0,0.0,0.0,0.0,0.0,0.0,0.0,1.0,305,AP,M
10.1016-slash-j.cardfail.2020.04.007-b.png,0.0,0.0,0.0,0.0,0.0,0.0,0.0,0.0,0.0,0.0,0.0,0.0,1.0,1.0,305,AP,M
1-s2.0-S2214250920300706-gr2_lrg.jpg,0.0,0.0,0.0,0.0,0.0,0.0,0.0,0.0,0.0,0.0,0.0,0.0,0.0,1.0,314,AP,M
1-s2.0-S2214250920300706-gr5_lrg.jpg,0.0,0.0,0.0,0.0,0.0,0.0,0.0,0.0,0.0,0.0,0.0,0.0,0.0,1.0,314,AP,M
1-s2.0-S1684118220300372-gr1_lrg-b.png,0.0,0.0,0.0,0.0,0.0,0.0,0.0,0.0,0.0,0.0,0.0,0.0,0.0,1.0,319b,AP,F
41182_2020_203_Fig4_HTML.jpg,0.0,0.0,0.0,0.0,0.0,0.0,0.0,0.0,0.0,0.0,0.0,0.0,0.0,1.0,331b,PA,M
41182_2020_203_Fig5_HTML.jpg,0.0,0.0,0.0,0.0,0.0,0.0,0.0,0.0,0.0,0.0,0.0,0.0,1.0,1.0,331b,PA,M
covid-19-caso-85-1-9.png,0.0,0.0,0.0,0.0,0.0,0.0,0.0,0.0,0.0,0.0,0.0,0.0,0.0,1.0,342,AP,F
covid-19-caso-86-Rx-torace-1.jpg,0.0,0.0,0.0,0.0,0.0,0.0,0.0,0.0,0.0,0.0,0.0,0.0,0.0,1.0,344,AP,M
08ed451c576ee00935ee178ec85c57_jumbo-1.jpeg,0.0,0.0,0.0,0.0,0.0,0.0,0.0,0.0,0.0,0.0,0.0,0.0,0.0,1.0,350a,AP,M
e73d6e89fcd781b8afd159cf533358_jumbo-1.jpeg,0.0,0.0,0.0,0.0,0.0,0.0,0.0,0.0,0.0,0.0,0.0,0.0,0.0,1.0,350a,AP,M
streptococcus-pneumoniae-pneumonia-temporal-evolution-1-day3.jpg,0.0,0.0,0.0,0.0,0.0,0.0,1.0,0.0,0.0,0.0,0.0,0.0,0.0,0.0,31,AP,F
SARS-10.1148rg.242035193-g04mr34g09c-Fig9c-day27.jpeg,0.0,0.0,0.0,0.0,0.0,0.0,1.0,0.0,0.0,0.0,0.0,0.0,0.0,0.0,10,AP,F
000003-5.jpg,0.0,0.0,0.0,0.0,0.0,0.0,1.0,0.0,0.0,0.0,0.0,0.0,0.0,0.0,413,AP,F
946b48f8564d681eb8950ea8a659e0_jumbo-1.jpeg,0.0,0.0,0.0,0.0,0.0,0.0,1.0,0.0,0.0,0.0,0.0,0.0,0.0,0.0,365,PA,M
665f7ed5dcf52f235d8abed8cc200c_jumbo.jpeg,0.0,0.0,0.0,0.0,0.0,0.0,0.0,0.0,0.0,0.0,0.0,0.0,0.0,0.0,351,PA,M
88859dc1.jpg,0.0,0.0,0.0,0.0,0.0,0.0,0.0,0.0,0.0,0.0,0.0,0.0,0.0,0.0,390,PA,F
503d2fbe68cd143b0f15749b4f816b_jumbo.jpeg,0.0,0.0,0.0,0.0,0.0,0.0,1.0,0.0,0.0,0.0,0.0,0.0,0.0,0.0,376,AP,M
7a7044c64a87936f09fee9a7f5c5fa_jumbo.jpeg,0.0,0.0,0.0,0.0,0.0,0.0,1.0,0.0,0.0,0.0,0.0,0.0,0.0,0.0,467,PA,M
01ec02c48ce0120d57456b2ee2d02f_jumbo.jpeg,0.0,0.0,0.0,0.0,0.0,0.0,1.0,0.0,0.0,0.0,0.0,0.0,0.0,0.0,451,PA,M
000001-9.jpg,0.0,0.0,0.0,0.0,0.0,0.0,1.0,0.0,0.0,0.0,0.0,0.0,0.0,0.0,405,PA,M
000001-1.jpg,0.0,0.0,0.0,0.0,0.0,0.0,1.0,0.0,0.0,0.0,0.0,0.0,0.0,0.0,395,PA,M
55f5189d2c23688ac8dc1d58eb65cf_jumbo.jpg,0.0,0.0,0.0,0.0,0.0,0.0,1.0,0.0,0.0,0.0,0.0,0.0,0.0,0.0,470,PA,M
000006-17.jpg,0.0,0.0,0.0,0.0,0.0,0.0,1.0,0.0,0.0,0.0,0.0,0.0,0.0,0.0,339,PA,F
pneumocystis-jiroveci-pneumonia-4-PA.png,0.0,0.0,0.0,0.0,0.0,0.0,1.0,0.0,0.0,0.0,0.0,0.0,0.0,0.0,109,PA,M
52a8b6bf730b648d37b37d2aa51fd3_jumbo-1.jpg,0.0,0.0,0.0,0.0,0.0,0.0,1.0,0.0,0.0,0.0,0.0,0.0,0.0,0.0,360b,PA,F
7223b8ad031187d9a142d7f7ca02c9_jumbo.jpeg,0.0,0.0,0.0,0.0,0.0,0.0,1.0,0.0,0.0,0.0,0.0,0.0,0.0,0.0,379,PA,F
right-upper-lobe-pneumonia-9-PA.jpg,0.0,0.0,0.0,0.0,0.0,0.0,1.0,0.0,0.0,0.0,0.0,0.0,0.0,0.0,89,PA,M
8f46c8ad3d40a93b4a313f15092e1d_jumbo.jpeg,0.0,0.0,0.0,0.0,0.0,0.0,1.0,0.0,0.0,0.0,0.0,0.0,0.0,0.0,460,PA,M
1-s2.0-S0378603X1500248X-gr4c.jpg,0.0,0.0,0.0,0.0,0.0,0.0,1.0,0.0,0.0,0.0,0.0,0.0,0.0,0.0,425d,AP,
02b973e10caa192fd4e6825ad4aeaf_jumbo-10.jpeg,0.0,0.0,0.0,0.0,0.0,0.0,0.0,0.0,0.0,0.0,0.0,0.0,0.0,0.0,478,AP,F
000012-3.jpg,0.0,0.0,0.0,0.0,0.0,0.0,1.0,0.0,0.0,0.0,0.0,0.0,0.0,0.0,284,PA,M
75fb7cd80d5ca4074c474f93471ad4_jumbo.jpeg,0.0,0.0,0.0,0.0,0.0,0.0,1.0,0.0,0.0,0.0,0.0,0.0,0.0,0.0,451,PA,M
16755_1_1.jpg,0.0,0.0,0.0,0.0,0.0,0.0,0.0,0.0,0.0,0.0,0.0,0.0,0.0,0.0,394,AP,M
legionella-pneumonia-1.png,0.0,0.0,0.0,0.0,0.0,0.0,1.0,0.0,0.0,0.0,0.0,0.0,0.0,0.0,110,PA,M
pneumocystis-pneumonia-1.jpg,0.0,0.0,0.0,0.0,0.0,0.0,1.0,0.0,0.0,0.0,0.0,0.0,0.0,0.0,102,PA,
F051E018-DAD1-4506-AD43-BE4CA29E960B.jpeg,0.0,0.0,0.0,0.0,0.0,0.0,0.0,0.0,0.0,0.0,0.0,0.0,0.0,0.0,38,PA,F
chlamydia-pneumonia-PA.png,0.0,0.0,0.0,0.0,0.0,0.0,1.0,0.0,0.0,0.0,0.0,0.0,0.0,0.0,90,PA,M
0957ce54.jpg,0.0,0.0,0.0,0.0,0.0,0.0,0.0,0.0,0.0,0.0,0.0,0.0,0.0,0.0,435,PA,M
pneumocystis-jirovecii-pneumonia-2.jpg,0.0,0.0,0.0,0.0,0.0,0.0,1.0,0.0,0.0,0.0,0.0,0.0,0.0,0.0,108,PA,M
000002-11-a.jpg,0.0,0.0,0.0,0.0,0.0,0.0,1.0,0.0,0.0,0.0,0.0,0.0,0.0,0.0,278,PA,M
000001-27.jpg,0.0,0.0,0.0,0.0,0.0,0.0,1.0,0.0,0.0,0.0,0.0,0.0,0.0,0.0,340,PA,M
untitled.001_0.jpeg,0.0,0.0,0.0,0.0,0.0,0.0,1.0,0.0,0.0,0.0,0.0,0.0,0.0,0.0,415,AP,M
ff33c406392b968d483174c97eb857_jumbo-9.jpeg,0.0,0.0,0.0,0.0,0.0,0.0,1.0,0.0,0.0,0.0,0.0,0.0,0.0,0.0,479,AP,F
bc370d0566b31259c2d9544748eb21_jumbo.jpeg,0.0,0.0,0.0,0.0,0.0,0.0,1.0,0.0,0.0,0.0,0.0,0.0,0.0,0.0,461,PA,M
000001-8.jpg,0.0,0.0,0.0,0.0,0.0,0.0,1.0,0.0,0.0,0.0,0.0,0.0,0.0,0.0,404,PA,M
5f8aaa4e85af075412849ebf8ebb54_jumbo-1.jpg,0.0,0.0,0.0,0.0,0.0,0.0,1.0,0.0,0.0,0.0,0.0,0.0,0.0,0.0,360b,PA,F
000003-4.jpg,0.0,0.0,0.0,0.0,0.0,0.0,1.0,0.0,0.0,0.0,0.0,0.0,0.0,0.0,403,AP,F
000002-19-a.jpg,0.0,0.0,0.0,0.0,0.0,0.0,1.0,0.0,0.0,0.0,0.0,0.0,0.0,0.0,283,PA,M
000005-3.png,0.0,0.0,0.0,0.0,0.0,0.0,1.0,0.0,0.0,0.0,0.0,0.0,0.0,0.0,277,AP,M
b2f42e0cdfcbe32f189eb467b05e24_jumbo.jpg,0.0,0.0,0.0,0.0,0.0,0.0,0.0,0.0,0.0,0.0,0.0,0.0,0.0,0.0,457,PA,F
000004.png,0.0,0.0,0.0,0.0,0.0,0.0,1.0,0.0,0.0,0.0,0.0,0.0,0.0,0.0,409,PA,F
000007-15.jpg,0.0,0.0,0.0,0.0,0.0,0.0,1.0,0.0,0.0,0.0,0.0,0.0,0.0,0.0,339,PA,F
1d6c4b7c.jpg,0.0,0.0,0.0,0.0,0.0,0.0,0.0,0.0,0.0,0.0,0.0,0.0,0.0,0.0,440,PA,M
56bc74129531580d3c40b1f8ae77ab_jumbo.jpeg,0.0,0.0,0.0,0.0,0.0,0.0,1.0,0.0,0.0,0.0,0.0,0.0,0.0,0.0,367,PA,F
3a81faf3.jpg,0.0,0.0,0.0,0.0,0.0,0.0,0.0,0.0,0.0,0.0,0.0,0.0,0.0,0.0,391,PA,M
16745_3_1.png,0.0,0.0,0.0,0.0,0.0,0.0,0.0,0.0,0.0,0.0,0.0,0.0,0.0,0.0,211,PA,F
pneumocystis-jirovecii-pneumonia-3-3.jpg,0.0,0.0,0.0,0.0,0.0,0.0,1.0,0.0,0.0,0.0,0.0,0.0,0.0,0.0,101,PA,F
23823ebc.jpg,0.0,0.0,0.0,0.0,0.0,0.0,0.0,0.0,0.0,0.0,0.0,0.0,0.0,0.0,437,PA,M
000002-5.jpg,0.0,0.0,0.0,0.0,0.0,0.0,1.0,0.0,0.0,0.0,0.0,0.0,0.0,0.0,404,PA,M
pneumocystis-jiroveci-pneumonia-2.png,0.0,0.0,0.0,0.0,0.0,0.0,1.0,0.0,0.0,0.0,0.0,0.0,0.0,0.0,107,PA,M
cavitating-pneumonia-4-day0-PA.jpg,0.0,0.0,0.0,0.0,0.0,0.0,1.0,0.0,0.0,0.0,0.0,0.0,0.0,0.0,92,PA,M
1-s2.0-S0378603X1500248X-gr3b.jpg,0.0,0.0,0.0,0.0,0.0,0.0,1.0,0.0,0.0,0.0,0.0,0.0,0.0,0.0,425c,PA,
1-s2.0-S0378603X1500248X-gr3a.jpg,0.0,0.0,0.0,0.0,0.0,0.0,1.0,0.0,0.0,0.0,0.0,0.0,0.0,0.0,425c,PA,
000001-272.jpg,0.0,0.0,0.0,0.0,0.0,0.0,1.0,0.0,0.0,0.0,0.0,0.0,0.0,0.0,481,AP,M
a72aeb349a63c79ed24e473c434efe_jumbo.jpg,0.0,0.0,0.0,0.0,0.0,0.0,1.0,0.0,0.0,0.0,0.0,0.0,0.0,0.0,382,PA,F
SARS-10.1148rg.242035193-g04mr34g07a-Fig7a-day5.jpeg,0.0,0.0,0.0,0.0,0.0,0.0,1.0,0.0,0.0,0.0,0.0,0.0,0.0,0.0,9,AP,F
7185bd4a8cc3280902117d034c7653_jumbo.jpg,0.0,0.0,0.0,0.0,0.0,0.0,0.0,0.0,0.0,0.0,0.0,0.0,0.0,0.0,449,PA,M
000001-19.jpg,0.0,0.0,0.0,0.0,0.0,0.0,1.0,0.0,0.0,0.0,0.0,0.0,0.0,0.0,284,PA,M
000001-18.jpg,0.0,0.0,0.0,0.0,0.0,0.0,0.0,0.0,0.0,0.0,0.0,0.0,0.0,0.0,418,PA,M
f72b17e863d0f958b65379b3669238_jumbo.jpg,0.0,0.0,0.0,0.0,0.0,0.0,1.0,0.0,0.0,0.0,0.0,0.0,0.0,0.0,370,PA,F
18017511.jpg,0.0,0.0,0.0,0.0,0.0,0.0,0.0,0.0,0.0,0.0,0.0,0.0,0.0,0.0,441,PA,M
000003.jpg,0.0,0.0,0.0,0.0,0.0,0.0,1.0,0.0,0.0,0.0,0.0,0.0,0.0,0.0,396,PA,M
000001-2.jpg,0.0,0.0,0.0,0.0,0.0,0.0,1.0,0.0,0.0,0.0,0.0,0.0,0.0,0.0,273,PA,M
9a4e0141fd7681c4026b55b4e13914_jumbo-2.jpeg,0.0,0.0,0.0,0.0,0.0,0.0,1.0,0.0,0.0,0.0,0.0,0.0,0.0,0.0,361b,AP,M
pneumocystis-pneumonia-8.jpg,0.0,0.0,0.0,0.0,0.0,0.0,1.0,0.0,0.0,0.0,0.0,0.0,0.0,0.0,104,PA,
legionella-pneumonia-2.jpg,0.0,0.0,0.0,0.0,0.0,0.0,1.0,0.0,0.0,0.0,0.0,0.0,0.0,0.0,111,PA,M
streptococcus-pneumoniae-pneumonia-temporal-evolution-1-day0.jpg,0.0,0.0,0.0,0.0,0.0,0.0,1.0,0.0,0.0,0.0,0.0,0.0,0.0,0.0,31,AP,F
wong-0004.jpg,0.0,0.0,0.0,0.0,0.0,0.0,1.0,0.0,0.0,0.0,0.0,0.0,0.0,0.0,171,PA,F
000001-20.jpg,0.0,0.0,0.0,0.0,0.0,0.0,1.0,0.0,0.0,0.0,0.0,0.0,0.0,0.0,420,PA,M
16583_1_1.jpg,0.0,0.0,0.0,0.0,0.0,0.0,1.0,0.0,0.0,0.0,0.0,0.0,0.0,0.0,272,PA,F
582f068ae16494e015cf2b2ed90388_jumbo-1.jpeg,0.0,0.0,0.0,0.0,0.0,0.0,1.0,0.0,0.0,0.0,0.0,0.0,0.0,0.0,364,AP,M
ba45a47c3ef5060ec39891046be7ca_jumbo.jpg,0.0,0.0,0.0,0.0,0.0,0.0,1.0,0.0,0.0,0.0,0.0,0.0,0.0,0.0,382,PA,F
e87352fc.jpg,0.0,0.0,0.0,0.0,0.0,0.0,0.0,0.0,0.0,0.0,0.0,0.0,0.0,0.0,437,PA,M
000008-8.jpg,0.0,0.0,0.0,0.0,0.0,0.0,1.0,0.0,0.0,0.0,0.0,0.0,0.0,0.0,282,PA,M
000001-10.jpg,0.0,0.0,0.0,0.0,0.0,0.0,1.0,0.0,0.0,0.0,0.0,0.0,0.0,0.0,406,PA,M
072ecaf8c60a81980abb57150a8016_jumbo-9.jpeg,0.0,0.0,0.0,0.0,0.0,0.0,1.0,0.0,0.0,0.0,0.0,0.0,0.0,0.0,479,AP,F
e9cc806fc1c90195d999dc8d022d28_jumbo-2.jpeg,0.0,0.0,0.0,0.0,0.0,0.0,1.0,0.0,0.0,0.0,0.0,0.0,0.0,0.0,362,PA,F
16646_1_1.jpg,0.0,0.0,0.0,0.0,0.0,0.0,1.0,0.0,0.0,0.0,0.0,0.0,0.0,0.0,271,PA,M
000010.jpg,0.0,0.0,0.0,0.0,0.0,0.0,0.0,0.0,0.0,0.0,0.0,0.0,0.0,0.0,419,PA,M
f6ece95b172eadba762bf3daef7441_jumbo-1.jpeg,0.0,0.0,0.0,0.0,0.0,0.0,1.0,0.0,0.0,0.0,0.0,0.0,0.0,0.0,363,AP,F
84da526d0453b9b9e7896631e6b366_jumbo.jpeg,0.0,0.0,0.0,0.0,0.0,0.0,1.0,0.0,0.0,0.0,0.0,0.0,0.0,0.0,375,AP,F
X-ray_of_cyst_in_pneumocystis_pneumonia_1.jpg,0.0,0.0,0.0,0.0,0.0,0.0,1.0,0.0,0.0,0.0,0.0,0.0,0.0,0.0,103,PA,
1-s2.0-S0378603X1500248X-gr4e.jpg,0.0,0.0,0.0,0.0,0.0,0.0,0.0,0.0,0.0,0.0,0.0,0.0,0.0,0.0,425d,PA,
000002-3.jpg,0.0,0.0,0.0,0.0,0.0,0.0,1.0,0.0,0.0,0.0,0.0,0.0,0.0,0.0,399,AP,F
000001.png,0.0,0.0,0.0,0.0,0.0,0.0,1.0,0.0,0.0,0.0,0.0,0.0,0.0,0.0,410,AP,M
SARS-10.1148rg.242035193-g04mr34g0-Fig8c-day10.jpeg,0.0,0.0,0.0,0.0,0.0,0.0,1.0,0.0,0.0,0.0,0.0,0.0,0.0,0.0,3,AP,M
bb25b35e1cc5cb0984ead37363db0e_jumbo-2.jpeg,0.0,0.0,0.0,0.0,0.0,0.0,1.0,0.0,0.0,0.0,0.0,0.0,0.0,0.0,362,PA,F
000006-2.png,0.0,0.0,0.0,0.0,0.0,0.0,1.0,0.0,0.0,0.0,0.0,0.0,0.0,0.0,277,PA,M
000003-6.jpg,0.0,0.0,0.0,0.0,0.0,0.0,1.0,0.0,0.0,0.0,0.0,0.0,0.0,0.0,416,PA,M
MERS-CoV-1-s2.0-S0378603X1500248X-gr4e.jpg,0.0,0.0,0.0,0.0,0.0,0.0,1.0,0.0,0.0,0.0,0.0,0.0,0.0,0.0,423a,AP,
82cb30b7678c6da229c6dc222c39c9_jumbo.jpeg,0.0,0.0,0.0,0.0,0.0,0.0,1.0,0.0,0.0,0.0,0.0,0.0,0.0,0.0,374,PA,M
26eecee1e498237cc3ea3274b79ff0_jumbo.jpg,0.0,0.0,0.0,0.0,0.0,0.0,1.0,0.0,0.0,0.0,0.0,0.0,0.0,0.0,369,PA,M
fff13f3a.jpg,0.0,0.0,0.0,0.0,0.0,0.0,0.0,0.0,0.0,0.0,0.0,0.0,0.0,0.0,429,PA,F
wong-0005.jpg,0.0,0.0,0.0,0.0,0.0,0.0,1.0,0.0,0.0,0.0,0.0,0.0,0.0,0.0,172,PA,M
2c35005f.jpg,0.0,0.0,0.0,0.0,0.0,0.0,0.0,0.0,0.0,0.0,0.0,0.0,0.0,0.0,251,PA,F
000001-6.png,0.0,0.0,0.0,0.0,0.0,0.0,1.0,0.0,0.0,0.0,0.0,0.0,0.0,0.0,286,PA,M
pneumocystis-jirovecii-pneumonia-3-1.jpg,0.0,0.0,0.0,0.0,0.0,0.0,1.0,0.0,0.0,0.0,0.0,0.0,0.0,0.0,101,PA,F
1-s2.0-S0378603X1500248X-gr4a.jpg,0.0,0.0,0.0,0.0,0.0,0.0,1.0,0.0,0.0,0.0,0.0,0.0,0.0,0.0,425d,AP,
000003-3.jpg,0.0,0.0,0.0,0.0,0.0,0.0,1.0,0.0,0.0,0.0,0.0,0.0,1.0,0.0,399,AP,F
wong-0002.jpg,0.0,0.0,0.0,0.0,0.0,0.0,1.0,0.0,0.0,0.0,0.0,0.0,0.0,0.0,171,PA,F
pneumonia-7.jpg,0.0,0.0,0.0,0.0,0.0,0.0,1.0,0.0,0.0,0.0,0.0,0.0,0.0,0.0,30,AP,F
000002-7.jpg,0.0,0.0,0.0,0.0,0.0,0.0,1.0,0.0,0.0,0.0,0.0,0.0,0.0,0.0,413,AP,F
4e74cbafeab0bfd317a93e1aace6cf_jumbo.jpg,0.0,0.0,0.0,0.0,0.0,0.0,1.0,0.0,0.0,0.0,0.0,0.0,0.0,0.0,468,PA,F
SARS-10.1148rg.242035193-g04mr34g07b-Fig7b-day12.jpeg,0.0,0.0,0.0,0.0,0.0,0.0,1.0,0.0,0.0,0.0,0.0,0.0,0.0,0.0,9,AP,F
pneumocystis-carinii-pneumonia-1-PA.jpg,0.0,0.0,0.0,0.0,0.0,0.0,1.0,0.0,0.0,0.0,0.0,0.0,0.0,0.0,105,PA,M
000005-1.jpg,0.0,0.0,0.0,0.0,0.0,0.0,1.0,0.0,0.0,0.0,0.0,0.0,0.0,0.0,420,PA,M
6f36c4ad54047bc52b38fd8c9d1e22_jumbo.jpg,0.0,0.0,0.0,0.0,0.0,0.0,1.0,0.0,0.0,0.0,0.0,0.0,0.0,0.0,383,PA,F
27f5a41d.jpg,0.0,0.0,0.0,0.0,0.0,0.0,0.0,0.0,0.0,0.0,0.0,0.0,0.0,0.0,438,PA,M
SARS-10.1148rg.242035193-g04mr34g04b-Fig4b-day12.jpeg,0.0,0.0,0.0,0.0,0.0,0.0,1.0,0.0,0.0,0.0,0.0,0.0,0.0,0.0,7,PA,F
wong-0000.jpg,0.0,0.0,0.0,0.0,0.0,0.0,1.0,0.0,0.0,0.0,0.0,0.0,0.0,0.0,170,PA,M
000001-7.jpg,0.0,0.0,0.0,0.0,0.0,0.0,1.0,0.0,0.0,0.0,0.0,0.0,0.0,0.0,403,PA,F
71b364138ea4986831b3778081cd2e_jumbo.jpeg,0.0,0.0,0.0,0.0,0.0,0.0,1.0,0.0,0.0,0.0,0.0,0.0,0.0,0.0,454,AP,F
000001-13.jpg,0.0,0.0,0.0,0.0,0.0,0.0,1.0,0.0,0.0,0.0,0.0,0.0,0.0,0.0,408,PA,F
000001-15.jpg,0.0,0.0,0.0,0.0,0.0,0.0,1.0,0.0,0.0,0.0,0.0,0.0,0.0,0.0,413,PA,F
pneumocystis-pneumonia-2-PA.png,0.0,0.0,0.0,0.0,0.0,0.0,1.0,0.0,0.0,0.0,0.0,0.0,0.0,0.0,28,PA,M
10.1016-slash-j.hrcr.2020.04.015-fig3-a.png,0.0,0.0,0.0,0.0,0.0,0.0,0.0,0.0,0.0,0.0,0.0,0.0,0.0,0.0,313b,AP,M
000007.png,0.0,0.0,0.0,0.0,0.0,0.0,1.0,0.0,0.0,0.0,0.0,0.0,0.0,0.0,410,AP,M
pneumococcal-pneumonia-day7.jpg,0.0,0.0,0.0,0.0,0.0,0.0,1.0,0.0,0.0,0.0,0.0,0.0,0.0,0.0,87,PA,F
ARDSSevere.png,0.0,0.0,0.0,0.0,0.0,0.0,1.0,0.0,0.0,0.0,0.0,0.0,1.0,0.0,5,PA,
SARS-10.1148rg.242035193-g04mr34g0-Fig8a-day0.jpeg,0.0,0.0,0.0,0.0,0.0,0.0,1.0,0.0,0.0,0.0,0.0,0.0,0.0,0.0,3,AP,M
d815245ec98b5f0efc73b89daef72c_jumbo.jpg,0.0,0.0,0.0,0.0,0.0,0.0,0.0,0.0,0.0,0.0,0.0,0.0,0.0,0.0,452,PA,F
92d755fba55c3305419b5cac83fbf5_jumbo.jpg,0.0,0.0,0.0,0.0,0.0,0.0,1.0,0.0,0.0,0.0,0.0,0.0,0.0,0.0,462,PA,F
13cd850b02d1afe48c113a73eed882_jumbo-1.jpg,0.0,0.0,0.0,0.0,0.0,0.0,1.0,0.0,0.0,0.0,0.0,0.0,0.0,0.0,360b,PA,F
8b7aeaa2063bf9a12ed6b79c173f4e_jumbo.jpeg,0.0,0.0,0.0,0.0,0.0,0.0,1.0,0.0,0.0,0.0,0.0,0.0,0.0,0.0,464,AP,F
000001-24.jpg,0.0,0.0,0.0,0.0,0.0,0.0,1.0,0.0,0.0,0.0,0.0,0.0,0.0,0.0,339,PA,F
000005-5-a.jpg,0.0,0.0,0.0,0.0,0.0,0.0,1.0,0.0,0.0,0.0,0.0,0.0,0.0,0.0,276,PA,M
1-s2.0-S0378603X1500248X-gr2c.jpg,0.0,0.0,0.0,0.0,0.0,0.0,1.0,0.0,0.0,0.0,0.0,0.0,0.0,0.0,423b,AP,
pneumocystis-pneumonia-12.png,0.0,0.0,0.0,0.0,0.0,0.0,1.0,0.0,0.0,0.0,0.0,0.0,0.0,0.0,106,PA,M
ada8c494.jpg,0.0,0.0,0.0,0.0,0.0,0.0,0.0,0.0,0.0,0.0,0.0,0.0,0.0,0.0,253,PA,M
000001-1.png,0.0,0.0,0.0,0.0,0.0,0.0,1.0,0.0,0.0,0.0,0.0,0.0,0.0,0.0,416,PA,M
pneumocystis-jirovecii-pneumonia-3-2.jpg,0.0,0.0,0.0,0.0,0.0,0.0,1.0,0.0,0.0,0.0,0.0,0.0,0.0,0.0,101,PA,F
3e9d9c9b02b9bcd81c851134667e76_jumbo.jpg,0.0,0.0,0.0,0.0,0.0,0.0,1.0,0.0,0.0,0.0,0.0,0.0,0.0,0.0,462,PA,F
ffad3e6c27fe36031249c81647800f_jumbo.jpeg,0.0,0.0,0.0,0.0,0.0,0.0,0.0,0.0,0.0,0.0,0.0,0.0,0.0,0.0,456,PA,M
487354e56da5b0363458d0297446f0_jumbo-1.jpeg,0.0,0.0,0.0,0.0,0.0,0.0,1.0,0.0,0.0,0.0,0.0,0.0,0.0,0.0,365,PA,M
16745_6_1.png,0.0,0.0,0.0,0.0,0.0,0.0,0.0,0.0,0.0,0.0,0.0,0.0,0.0,0.0,214,PA,
acute-respiratory-distress-syndrome-ards.jpg,0.0,0.0,0.0,0.0,0.0,0.0,1.0,0.0,0.0,0.0,0.0,0.0,0.0,0.0,26,AP,M
000007-2.png,0.0,0.0,0.0,0.0,0.0,0.0,1.0,0.0,0.0,0.0,0.0,0.0,0.0,0.0,277,PA,M
3392dc7d262e28423caca517f98c2e_jumbo.jpeg,0.0,0.0,0.0,0.0,0.0,0.0,1.0,0.0,0.0,0.0,0.0,0.0,0.0,0.0,380,AP,M
6ffc98957c18d4e3f2da8da48105e3_jumbo.jpg,0.0,0.0,0.0,0.0,0.0,0.0,1.0,0.0,0.0,0.0,0.0,0.0,0.0,0.0,462,AP,F
16583_3_1.jpg,0.0,0.0,0.0,0.0,0.0,0.0,1.0,0.0,0.0,0.0,0.0,0.0,0.0,0.0,272,PA,F
006f3a8a.jpg,0.0,0.0,0.0,0.0,0.0,0.0,0.0,0.0,0.0,0.0,0.0,0.0,0.0,0.0,439,PA,M
SARS-10.1148rg.242035193-g04mr34g04a-Fig4a-day7.jpeg,0.0,0.0,0.0,0.0,0.0,0.0,1.0,0.0,0.0,0.0,0.0,0.0,0.0,0.0,7,PA,F
000001-3.jpg,0.0,0.0,0.0,0.0,0.0,0.0,0.0,0.0,0.0,0.0,0.0,0.0,0.0,0.0,397,PA,M
000024-1.jpg,0.0,0.0,0.0,0.0,0.0,0.0,1.0,0.0,0.0,0.0,0.0,0.0,0.0,0.0,282,PA,M
1-s2.0-S0378603X1500248X-gr2a.jpg,0.0,0.0,0.0,0.0,0.0,0.0,1.0,0.0,0.0,0.0,0.0,0.0,0.0,0.0,423b,PA,
2264f643b18b1010ec10a850f17550_jumbo.jpeg,0.0,0.0,0.0,0.0,0.0,0.0,1.0,0.0,0.0,0.0,0.0,0.0,0.0,0.0,469,PA,F
1538fbfe9d0872739b00f5a51e4fdc_jumbo.jpeg,0.0,0.0,0.0,0.0,0.0,0.0,1.0,0.0,0.0,0.0,0.0,0.0,0.0,0.0,466,PA,F
pneumococcal-pneumonia-day35.jpg,0.0,0.0,0.0,0.0,0.0,0.0,1.0,0.0,0.0,0.0,0.0,0.0,0.0,0.0,87,PA,F
000001-12.jpg,0.0,0.0,0.0,0.0,0.0,0.0,1.0,0.0,0.0,0.0,0.0,0.0,0.0,0.0,281,PA,F
3d4364c0e44859e86017ee1660112e_jumbo-1.jpeg,0.0,0.0,0.0,0.0,0.0,0.0,1.0,0.0,0.0,0.0,0.0,0.0,0.0,0.0,364,AP,M
wong-0003.jpg,0.0,0.0,0.0,0.0,0.0,0.0,1.0,0.0,0.0,0.0,0.0,0.0,0.0,0.0,171,PA,F
SARS-10.1148rg.242035193-g04mr34g09a-Fig9a-day17.jpeg,0.0,0.0,0.0,0.0,0.0,0.0,1.0,0.0,0.0,0.0,0.0,0.0,0.0,0.0,10,AP,F
000001-6.jpg,0.0,0.0,0.0,0.0,0.0,0.0,0.0,0.0,0.0,0.0,0.0,0.0,0.0,0.0,402,AP,M
a24181c437aca166f7aeccc62ba28a_jumbo.jpg,0.0,0.0,0.0,0.0,0.0,0.0,1.0,0.0,0.0,0.0,0.0,0.0,0.0,0.0,377,PA,M
f410057190635755d60158d1595d67_jumbo-1.jpeg,0.0,0.0,0.0,0.0,0.0,0.0,1.0,0.0,0.0,0.0,0.0,0.0,0.0,0.0,366,PA,F
000012.jpg,0.0,0.0,0.0,0.0,0.0,0.0,0.0,0.0,0.0,0.0,0.0,0.0,0.0,0.0,393,AP,F
bdc40f9ad2395d88c92479089f5d1b_jumbo-10.jpeg,0.0,0.0,0.0,0.0,0.0,0.0,1.0,0.0,0.0,0.0,0.0,0.0,0.0,0.0,477,AP,F
cdf5605e45874c28262c81b7ab80b3_jumbo.jpeg,0.0,0.0,0.0,0.0,0.0,0.0,1.0,0.0,0.0,0.0,0.0,0.0,0.0,0.0,373,AP,F
SARS-10.1148rg.242035193-g04mr34g09b-Fig9b-day19.jpeg,0.0,0.0,0.0,0.0,0.0,0.0,1.0,0.0,0.0,0.0,0.0,0.0,0.0,0.0,10,AP,F
streptococcus-pneumoniae-pneumonia-temporal-evolution-1-day1.jpg,0.0,0.0,0.0,0.0,0.0,0.0,1.0,0.0,0.0,0.0,0.0,0.0,0.0,0.0,31,AP,F
000011-6.jpg,0.0,0.0,0.0,0.0,0.0,0.0,1.0,0.0,0.0,0.0,0.0,0.0,0.0,0.0,284,PA,M
16745_2_1.PNG,0.0,0.0,0.0,0.0,0.0,0.0,0.0,0.0,0.0,0.0,0.0,0.0,0.0,0.0,210,PA,M
000001-5.png,0.0,0.0,0.0,0.0,0.0,0.0,0.0,0.0,0.0,0.0,0.0,0.0,0.0,0.0,421,PA,M
parapneumonic-effusion-1-PA.png,0.0,0.0,0.0,0.0,0.0,0.0,1.0,0.0,0.0,0.0,0.0,0.0,0.0,0.0,88,PA,M
94c6945194a265ae1301bec234a7e0_jumbo-1.jpg,0.0,0.0,0.0,0.0,0.0,0.0,1.0,0.0,0.0,0.0,0.0,0.0,0.0,0.0,360b,PA,F
076d9f1ab85d17bcf0f4f207891974_jumbo.jpg,0.0,0.0,0.0,0.0,0.0,0.0,1.0,0.0,0.0,0.0,0.0,0.0,0.0,0.0,381,AP,M
1-s2.0-S0378603X1500248X-gr2b.jpg,0.0,0.0,0.0,0.0,0.0,0.0,1.0,0.0,0.0,0.0,0.0,0.0,0.0,0.0,423b,PA,
SARS-10.1148rg.242035193-g04mr34g05x-Fig5-day9.jpeg,0.0,0.0,0.0,0.0,0.0,0.0,1.0,0.0,0.0,0.0,0.0,0.0,0.0,0.0,8,PA,F
pneumococcal-pneumonia-day0.jpg,0.0,0.0,0.0,0.0,0.0,0.0,1.0,0.0,0.0,0.0,0.0,0.0,0.0,0.0,87,PA,F
1-s2.0-S1059131120301151-gr2-e.png,0.0,0.0,0.0,0.0,0.0,0.0,0.0,0.0,0.0,0.0,0.0,0.0,0.0,0.0,325,AP,F
000001-17.jpg,0.0,0.0,0.0,0.0,0.0,0.0,1.0,0.0,0.0,0.0,0.0,0.0,0.0,0.0,283,PA,M
000001-4.jpg,0.0,0.0,0.0,0.0,0.0,0.0,1.0,0.0,0.0,0.0,0.0,0.0,0.0,0.0,399,AP,F
